protein_id,dataset,cluster,set
1A32.pdb,tsu,1A32.pdb,tsu_test
1AOY.pdb,tsu,1AOY.pdb,tsu_train
1F0M.pdb,tsu,1F0M.pdb,tsu_train
1GJS.pdb,tsu,1GJS.pdb,tsu_train
1GYZ.pdb,tsu,1GYZ.pdb,tsu_train
1H92.pdb,tsu,1H92.pdb,tsu_train
4HCK.pdb,tsu,1H92.pdb,tsu_train
1A0N.pdb_L7S,tsu,1H92.pdb,tsu_train
1A0N.pdb_V55A,tsu,1H92.pdb,tsu_train
1SRM.pdb,tsu,1H92.pdb,tsu_train
2L2P.pdb,tsu,1H92.pdb,tsu_train
2LP5.pdb,tsu,1H92.pdb,tsu_train
3CQT.pdb,tsu,1H92.pdb,tsu_train
5ECA.pdb_W37A,tsu,1H92.pdb,tsu_train
6NMW.pdb,tsu,1H92.pdb,tsu_train
5ECA.pdb_P51S,tsu,1H92.pdb,tsu_train
1I2T.pdb,tsu,1I2T.pdb,tsu_train
1IFY.pdb,tsu,1IFY.pdb,tsu_train
1JIC.pdb,tsu,1JIC.pdb,tsu_train
P13123,fp,1JIC.pdb,fp_finetune
P39476,fp,1JIC.pdb,fp_finetune
P61991,fp,1JIC.pdb,fp_finetune
1K1V.pdb,tsu,1K1V.pdb,tsu_train
1O6X.pdb,tsu,1O6X.pdb,tsu_train
1ORC.pdb,tsu,1ORC.pdb,tsu_train
P03040,fp,1ORC.pdb,fp_finetune
1PV0.pdb,tsu,1PV0.pdb,tsu_train
1QKH.pdb,tsu,1QKH.pdb,tsu_train
1QLY.pdb,tsu,1QLY.pdb,tsu_train
1GL5.pdb,tsu,1QLY.pdb,tsu_train
1QP2.pdb,tsu,1QP2.pdb,tsu_train
1PSE.pdb,tsu,1QP2.pdb,tsu_train
1R69.pdb,tsu,1R69.pdb,tsu_train
1S1N.pdb_V29A,tsu,1S1N.pdb_V29A,tsu_test
1S1N.pdb_F11S,tsu,1S1N.pdb_V29A,tsu_test
1SF0.pdb_V59K,tsu,1SF0.pdb_V59K,tsu_train
1SIF.pdb_L3A,tsu,1SIF.pdb_L3A,tsu_train
1SIF.pdb_F13S,tsu,1SIF.pdb_L3A,tsu_train
1UBQ.pdb_I3A,tsu,1SIF.pdb_L3A,tsu_train
1UBQ.pdb_L15S,tsu,1SIF.pdb_L3A,tsu_train
1UBQ.pdb_L43A,tsu,1SIF.pdb_L3A,tsu_train
1UBQ.pdb_L67S,tsu,1SIF.pdb_L3A,tsu_train
1TG0.pdb,tsu,1TG0.pdb,tsu_train
1TUC.pdb,tsu,1TUC.pdb,tsu_train
2KXD.pdb,tsu,1TUC.pdb,tsu_train
1TUD.pdb,tsu,1TUD.pdb,tsu_train
1UFM.pdb,tsu,1UFM.pdb,tsu_train
1URF.pdb,tsu,1URF.pdb,tsu_train
1UZC.pdb,tsu,1UZC.pdb,tsu_train
1V1C.pdb,tsu,1V1C.pdb,tsu_train
1W4F.pdb,tsu,1W4F.pdb,tsu_train
1W4G.pdb,tsu,1W4F.pdb,tsu_train
1WCL.pdb,tsu,1WCL.pdb,tsu_train
1WR4.pdb,tsu,1WR4.pdb,tsu_train
1Y0M.pdb,tsu,1Y0M.pdb,tsu_train
1YEZ.pdb_V46S,tsu,1YEZ.pdb_V46S,tsu_train
1YP5.pdb,tsu,1YP5.pdb,tsu_train
2BTT.pdb,tsu,1YP5.pdb,tsu_train
1YRF.pdb,tsu,1YRF.pdb,tsu_train
1VII.pdb,tsu,1YRF.pdb,tsu_train
1ZHC.pdb,tsu,1ZHC.pdb,tsu_train
1ZLM.pdb,tsu,1ZLM.pdb,tsu_train
2AMI.pdb,tsu,2AMI.pdb,tsu_train
2CDT.pdb,tsu,2CDT.pdb,tsu_train
1BK2.pdb_F47A,tsu,2CDT.pdb,tsu_train
1BK2.pdb_L5S,tsu,2CDT.pdb,tsu_train
1E6H.pdb,tsu,2CDT.pdb,tsu_train
1H8K.pdb,tsu,2CDT.pdb,tsu_train
1H8K.pdb_R44S,tsu,2CDT.pdb,tsu_train
1H8K.pdb_W36A,tsu,2CDT.pdb,tsu_train
1PWT.pdb,tsu,2CDT.pdb,tsu_train
1QKX.pdb,tsu,2CDT.pdb,tsu_train
2KR3.pdb,tsu,2CDT.pdb,tsu_train
2LJ3.pdb,tsu,2CDT.pdb,tsu_train
2ROT.pdb_F60A,tsu,2CDT.pdb,tsu_train
2ROT.pdb_W41S,tsu,2CDT.pdb,tsu_train
5FWB.pdb_A10S,tsu,2CDT.pdb,tsu_train
5FWB.pdb_M24A,tsu,2CDT.pdb,tsu_train
6SCW.pdb,tsu,2CDT.pdb,tsu_train
2CJJ.pdb,tsu,2CJJ.pdb,tsu_train
2D1U.pdb,tsu,2D1U.pdb,tsu_train
2EXD.pdb,tsu,2EXD.pdb,tsu_train
2GP8.pdb,tsu,2GP8.pdb,tsu_train
2HBB.pdb_pross9,tsu,2HBB.pdb_pross9,tsu_test
2HBB.pdb,tsu,2HBB.pdb_pross9,tsu_test
2HBB.pdb_pross4,tsu,2HBB.pdb_pross9,tsu_test
2HBB.pdb_pross6,tsu,2HBB.pdb_pross9,tsu_test
2HBB.pdb_pross7,tsu,2HBB.pdb_pross9,tsu_test
2JN4.pdb,tsu,2JN4.pdb,tsu_train
2JT1.pdb,tsu,2JT1.pdb,tsu_train
2RRU.pdb,tsu,2RRU.pdb,tsu_train
2RU9.pdb,tsu,2RU9.pdb,tsu_test
2WNM.pdb,tsu,2WNM.pdb,tsu_train
2WQG.pdb,tsu,2WQG.pdb,tsu_train
4UZW.pdb,tsu,2WQG.pdb,tsu_train
2WXC.pdb,tsu,2WXC.pdb,tsu_train
1W4H.pdb,tsu,2WXC.pdb,tsu_train
2BTH.pdb,tsu,2WXC.pdb,tsu_train
2YSB.pdb,tsu,2YSB.pdb,tsu_train
2YSF.pdb,tsu,2YSF.pdb,tsu_train
2OP7.pdb,tsu,2YSF.pdb,tsu_train
3DKM.pdb,tsu,3DKM.pdb,tsu_train
3I35.pdb,tsu,3I35.pdb,tsu_train
3L1X.pdb,tsu,3L1X.pdb,tsu_test
3MYC.pdb,tsu,3MYC.pdb,tsu_train
1YU5.pdb,tsu,3MYC.pdb,tsu_train
2RJV.pdb,tsu,3MYC.pdb,tsu_train
3V1A.pdb,tsu,3V1A.pdb,tsu_train
4C26.pdb,tsu,4C26.pdb,tsu_train
5AHT.pdb,tsu,5AHT.pdb,tsu_train
5GU9.pdb_V60D,tsu,5GU9.pdb_V60D,tsu_train
5GU9.pdb_L66K,tsu,5GU9.pdb_V60D,tsu_train
5JRT.pdb,tsu,5JRT.pdb,tsu_train
5KPH.pdb,tsu,5KPH.pdb,tsu_train
5LXJ.pdb,tsu,5LXJ.pdb,tsu_train
5OAO.pdb,tsu,5OAO.pdb,tsu_train
5UBS.pdb,tsu,5UBS.pdb,tsu_test
1EM7.pdb_L7A,tsu,5UBS.pdb,tsu_test
1EM7.pdb_V54S,tsu,5UBS.pdb,tsu_test
1GB4.pdb_A27K,tsu,5UBS.pdb,tsu_test
1GB4.pdb_F53D,tsu,5UBS.pdb,tsu_test
1PGA.pdb_L5A,tsu,5UBS.pdb,tsu_test
1PGA.pdb_L7S,tsu,5UBS.pdb,tsu_test
1PGA.pdb_T51A,tsu,5UBS.pdb,tsu_test
1PGA.pdb_V39S,tsu,5UBS.pdb,tsu_test
1PGX.pdb_A27S,tsu,5UBS.pdb,tsu_test
1PGX.pdb_G42A,tsu,5UBS.pdb,tsu_test
2LUM.pdb,tsu,5UBS.pdb,tsu_test
2ZW1.pdb_V55S,tsu,5UBS.pdb,tsu_test
2ZW1.pdb_Y34A,tsu,5UBS.pdb,tsu_test
5UCE.pdb,tsu,5UBS.pdb,tsu_test
5UP5.pdb,tsu,5UP5.pdb,tsu_train
EHEE_rd2_0196.pdb,tsu,5UP5.pdb,tsu_train
5UYO.pdb,tsu,5UYO.pdb,tsu_train
HEEH_rd4_0097.pdb,tsu,5UYO.pdb,tsu_train
HEEH_rd4_0349.pdb,tsu,5UYO.pdb,tsu_train
5VNT.pdb,tsu,5VNT.pdb,tsu_train
5XR0.pdb_T53S,tsu,5XR0.pdb_T53S,tsu_train
1OPS.pdb,tsu,5XR0.pdb_T53S,tsu_train
1OPS.pdb_T53S,tsu,5XR0.pdb_T53S,tsu_train
1OPS.pdb_V44A,tsu,5XR0.pdb_T53S,tsu_train
1UCS.pdb_M59K,tsu,5XR0.pdb_T53S,tsu_train
P19614,fp,5XR0.pdb_T53S,fp_finetune
5Z2S.pdb,tsu,5Z2S.pdb,tsu_test
6ACV.pdb,tsu,6ACV.pdb,tsu_test
6EWU.pdb,tsu,6EWU.pdb,tsu_train
6EWS.pdb,tsu,6EWU.pdb,tsu_train
6EWT.pdb,tsu,6EWU.pdb,tsu_train
6FVC.pdb,tsu,6FVC.pdb,tsu_train
1ENH.pdb,tsu,6FVC.pdb,tsu_train
2JWT.pdb,tsu,6FVC.pdb,tsu_train
6M3N.pdb,tsu,6M3N.pdb,tsu_train
6NS8.pdb_L8K,tsu,6NS8.pdb_L8K,tsu_train
6OBK.pdb,tsu,6OBK.pdb,tsu_test
6SOW.pdb,tsu,6SOW.pdb,tsu_test
1LP1.pdb,tsu,6SOW.pdb,tsu_test
2B88.pdb,tsu,6SOW.pdb,tsu_test
2B88.pdb_pross1,tsu,6SOW.pdb,tsu_test
2B88.pdb_pross4,tsu,6SOW.pdb,tsu_test
2B89.pdb,tsu,6SOW.pdb,tsu_test
2KZI.pdb_pross1,tsu,6SOW.pdb,tsu_test
2KZJ.pdb,tsu,6SOW.pdb,tsu_test
v2_2M5A.pdb,tsu,6SOW.pdb,tsu_test
6YSE.pdb,tsu,6YSE.pdb,tsu_train
7BPM.pdb,tsu,7BPM.pdb,tsu_train
7JJK.pdb,tsu,7JJK.pdb,tsu_train
EA|run3_0321_0005.pdb,tsu,EA|run3_0321_0005.pdb,tsu_train
EA|run3_0525_0006.pdb,tsu,EA|run3_0525_0006.pdb,tsu_train
EA|run5_0050_0004.pdb,tsu,EA|run5_0050_0004.pdb,tsu_test
EA|run6_0680_0006.pdb,tsu,EA|run6_0680_0006.pdb,tsu_test
EA|run7_1572_0002.pdb,tsu,EA|run7_1572_0002.pdb,tsu_test
EA|run3_1140_0005.pdb,tsu,EA|run7_1572_0002.pdb,tsu_test
EEHEE_rd3_0130.pdb,tsu,EEHEE_rd3_0130.pdb,tsu_test
EEHEE_rd3_1049.pdb,tsu,EEHEE_rd3_1049.pdb,tsu_train
EEHEE_rd3_0657.pdb,tsu,EEHEE_rd3_1049.pdb,tsu_train
EEHEE_rd3_0602.pdb,tsu,EEHEE_rd3_1049.pdb,tsu_train
EEHEE_rd3_0809.pdb,tsu,EEHEE_rd3_1049.pdb,tsu_train
EEHEE_rd3_0146.pdb,tsu,EEHEE_rd3_1049.pdb,tsu_train
EEHEE_rd3_1367.pdb,tsu,EEHEE_rd3_1367.pdb,tsu_train
EEHEE_rd3_1498.pdb,tsu,EEHEE_rd3_1498.pdb,tsu_train
EEHEE_rd3_1716.pdb,tsu,EEHEE_rd3_1716.pdb,tsu_train
EEHEE_rd3_1702.pdb,tsu,EEHEE_rd3_1716.pdb,tsu_train
EEHEE_rd3_1587.pdb,tsu,EEHEE_rd3_1716.pdb,tsu_train
EEHEE_rd3_1810.pdb,tsu,EEHEE_rd3_1810.pdb,tsu_test
EEHEE_rd3_1615.pdb,tsu,EEHEE_rd3_1810.pdb,tsu_test
EEHEE_rd3_0019.pdb,tsu,EEHEE_rd3_1810.pdb,tsu_test
EEHEE_rd3_0094.pdb,tsu,EEHEE_rd3_1810.pdb,tsu_test
EEHEE_rd3_1818.pdb,tsu,EEHEE_rd3_1818.pdb,tsu_train
EEHEE_rd4_0256.pdb,tsu,EEHEE_rd4_0256.pdb,tsu_train
EEHEE_rd4_0470.pdb,tsu,EEHEE_rd4_0470.pdb,tsu_train
EEHEE_rd4_0481.pdb,tsu,EEHEE_rd4_0481.pdb,tsu_train
EEHEE_rd4_0003.pdb,tsu,EEHEE_rd4_0481.pdb,tsu_train
EEHEE_rd4_0469.pdb,tsu,EEHEE_rd4_0481.pdb,tsu_train
EEHEE_rd4_0371.pdb,tsu,EEHEE_rd4_0481.pdb,tsu_train
EEHEE_rd4_0763.pdb,tsu,EEHEE_rd4_0481.pdb,tsu_train
EEHEE_rd4_0794.pdb,tsu,EEHEE_rd4_0481.pdb,tsu_train
EEHEE_rd4_0005.pdb,tsu,EEHEE_rd4_0481.pdb,tsu_train
EEHEE_rd4_0308.pdb,tsu,EEHEE_rd4_0481.pdb,tsu_train
EEHEE_rd4_0647.pdb,tsu,EEHEE_rd4_0647.pdb,tsu_test
EEHEE_rd4_0784.pdb,tsu,EEHEE_rd4_0784.pdb,tsu_test
EEHEE_rd4_0363.pdb,tsu,EEHEE_rd4_0784.pdb,tsu_test
EHEE_rd1_0101.pdb,tsu,EHEE_rd1_0101.pdb,tsu_test
EHEE_rd1_0407.pdb,tsu,EHEE_rd1_0407.pdb,tsu_train
EHEE_rd1_0459.pdb,tsu,EHEE_rd1_0459.pdb,tsu_train
EHEE_rd2_0152.pdb,tsu,EHEE_rd2_0152.pdb,tsu_train
EHEE_rd2_0487.pdb,tsu,EHEE_rd2_0487.pdb,tsu_train
EHEE_rd2_0601.pdb,tsu,EHEE_rd2_0601.pdb,tsu_train
EHEE_rd2_0751.pdb,tsu,EHEE_rd2_0751.pdb,tsu_train
EHEE_rd2_0191.pdb,tsu,EHEE_rd2_0751.pdb,tsu_train
EHEE_rd2_1106.pdb,tsu,EHEE_rd2_1106.pdb,tsu_test
EHEE_rd2_1257.pdb,tsu,EHEE_rd2_1257.pdb,tsu_train
EHEE_rd2_0372.pdb,tsu,EHEE_rd2_1257.pdb,tsu_train
EHEE_rd3_0035.pdb,tsu,EHEE_rd3_0035.pdb,tsu_train
EHEE_rd3_0053.pdb,tsu,EHEE_rd3_0053.pdb,tsu_train
EHEE_rd4_0044.pdb,tsu,EHEE_rd4_0044.pdb,tsu_train
EHEE_rd4_0098.pdb,tsu,EHEE_rd4_0098.pdb,tsu_train
EHEE_rd4_0195.pdb,tsu,EHEE_rd4_0195.pdb,tsu_test
EHEE_rd4_0325.pdb,tsu,EHEE_rd4_0325.pdb,tsu_train
EHEE_rd4_0394.pdb,tsu,EHEE_rd4_0394.pdb,tsu_train
EHEE_rd4_0463.pdb,tsu,EHEE_rd4_0463.pdb,tsu_train
EHEE_rd4_0625.pdb,tsu,EHEE_rd4_0625.pdb,tsu_train
EHEE_rd4_0502.pdb,tsu,EHEE_rd4_0625.pdb,tsu_train
EHEE_rd4_0172.pdb,tsu,EHEE_rd4_0625.pdb,tsu_train
EHEE_rd4_0726.pdb,tsu,EHEE_rd4_0726.pdb,tsu_train
EHEE_rd4_0840.pdb,tsu,EHEE_rd4_0840.pdb,tsu_test
EHEE_rd4_0864.pdb,tsu,EHEE_rd4_0864.pdb,tsu_train
EHEE_rd4_0086.pdb,tsu,EHEE_rd4_0864.pdb,tsu_train
EHEE_rd4_0877.pdb,tsu,EHEE_rd4_0877.pdb,tsu_train
GG|run1_1390_0006.pdb,tsu,GG|run1_1390_0006.pdb,tsu_test
GG|run3_1315_0003.pdb,tsu,GG|run3_1315_0003.pdb,tsu_train
GG|run4_0467_0002.pdb,tsu,GG|run4_0467_0002.pdb,tsu_train
GG|run4_1050_0002.pdb,tsu,GG|run4_1050_0002.pdb,tsu_train
GG|run5_0637_0006.pdb,tsu,GG|run5_0637_0006.pdb,tsu_test
GG|run5_1309_0004.pdb,tsu,GG|run5_1309_0004.pdb,tsu_train
GG|run2_0085_0001.pdb,tsu,GG|run5_1309_0004.pdb,tsu_train
GG|run5_1147_0004.pdb,tsu,GG|run5_1309_0004.pdb,tsu_train
GG|run6_0775_0006.pdb,tsu,GG|run6_0775_0006.pdb,tsu_test
GG|run6_0851_0003.pdb,tsu,GG|run6_0851_0003.pdb,tsu_test
GG|run4_0284_0002.pdb,tsu,GG|run6_0851_0003.pdb,tsu_test
HEEH_KT_rd6_0007.pdb,tsu,HEEH_KT_rd6_0007.pdb,tsu_train
HEEH_KT_rd6_0280.pdb,tsu,HEEH_KT_rd6_0280.pdb,tsu_train
HEEH_KT_rd6_0746.pdb,tsu,HEEH_KT_rd6_0746.pdb,tsu_test
HEEH_KT_rd6_0790.pdb,tsu,HEEH_KT_rd6_0790.pdb,tsu_test
HEEH_KT_rd6_0793.pdb,tsu,HEEH_KT_rd6_0793.pdb,tsu_test
HEEH_KT_rd6_0872.pdb,tsu,HEEH_KT_rd6_0872.pdb,tsu_train
HEEH_KT_rd6_1415.pdb,tsu,HEEH_KT_rd6_1415.pdb,tsu_train
HEEH_KT_rd6_3546.pdb,tsu,HEEH_KT_rd6_3546.pdb,tsu_train
HEEH_KT_rd6_3632.pdb,tsu,HEEH_KT_rd6_3632.pdb,tsu_train
HEEH_rd3_0055.pdb,tsu,HEEH_rd3_0055.pdb,tsu_train
HEEH_rd3_0223.pdb,tsu,HEEH_rd3_0223.pdb,tsu_train
HEEH_rd4_0094.pdb,tsu,HEEH_rd4_0094.pdb,tsu_train
HHH_rd1_0142.pdb,tsu,HHH_rd1_0142.pdb,tsu_train
HHH_rd1_0244.pdb,tsu,HHH_rd1_0244.pdb,tsu_test
HHH_rd1_0335.pdb,tsu,HHH_rd1_0335.pdb,tsu_train
HHH_rd1_0473.pdb,tsu,HHH_rd1_0473.pdb,tsu_train
HHH_rd1_0493.pdb,tsu,HHH_rd1_0493.pdb,tsu_train
HHH_rd1_0516.pdb,tsu,HHH_rd1_0516.pdb,tsu_train
HHH_rd1_0578.pdb,tsu,HHH_rd1_0578.pdb,tsu_train
HHH_rd1_0598.pdb,tsu,HHH_rd1_0598.pdb,tsu_train
HHH_rd1_0606.pdb,tsu,HHH_rd1_0606.pdb,tsu_train
HHH_rd1_0949.pdb,tsu,HHH_rd1_0949.pdb,tsu_train
HHH_rd2_0155.pdb,tsu,HHH_rd2_0155.pdb,tsu_train
HHH_rd2_0181.pdb,tsu,HHH_rd2_0181.pdb,tsu_train
HHH_rd4_0395.pdb,tsu,HHH_rd4_0395.pdb,tsu_train
HHH_rd4_0557.pdb,tsu,HHH_rd4_0557.pdb,tsu_train
HHH_rd4_0613.pdb,tsu,HHH_rd4_0613.pdb,tsu_train
HHH_rd4_0124.pdb,tsu,HHH_rd4_0613.pdb,tsu_train
HHH_rd4_0676.pdb,tsu,HHH_rd4_0676.pdb,tsu_train
HHH_rd4_0816.pdb,tsu,HHH_rd4_0816.pdb,tsu_train
HHH_rd4_0870.pdb,tsu,HHH_rd4_0870.pdb,tsu_train
XX|run1_0254_0003.pdb,tsu,XX|run1_0254_0003.pdb,tsu_test
GG|run6_1310_0004.pdb,tsu,XX|run1_0254_0003.pdb,tsu_test
EA|run2_0325_0005.pdb,tsu,XX|run1_0254_0003.pdb,tsu_test
XX|run5_1034_0004.pdb,tsu,XX|run1_0254_0003.pdb,tsu_test
GG|run3_1365_0003.pdb,tsu,XX|run1_0254_0003.pdb,tsu_test
XX|run1_0367_0004.pdb,tsu,XX|run1_0367_0004.pdb,tsu_test
XX|run1_0455_0002.pdb,tsu,XX|run1_0455_0002.pdb,tsu_train
EA|run2_0290_0001.pdb,tsu,XX|run1_0455_0002.pdb,tsu_train
XX|run10_1081_0004.pdb,tsu,XX|run1_0455_0002.pdb,tsu_train
EA|run7_1025_0001.pdb,tsu,XX|run1_0455_0002.pdb,tsu_train
XX|run1_0461_0006.pdb,tsu,XX|run1_0461_0006.pdb,tsu_train
XX|run3_1384_0005.pdb,tsu,XX|run3_1384_0005.pdb,tsu_train
XX|run5_0690_0002.pdb,tsu,XX|run5_0690_0002.pdb,tsu_train
XX|run6_1020_0004.pdb,tsu,XX|run6_1020_0004.pdb,tsu_train
XX|run6_1081_0004.pdb,tsu,XX|run6_1081_0004.pdb,tsu_train
XX|run7_0974_0003.pdb,tsu,XX|run7_0974_0003.pdb,tsu_train
XX|run8_0733_0006.pdb,tsu,XX|run8_0733_0006.pdb,tsu_train
XX|run8_1063_0003.pdb,tsu,XX|run8_1063_0003.pdb,tsu_train
EA|run6_1429_0006.pdb,tsu,XX|run8_1063_0003.pdb,tsu_train
XX|run8_1098_0003.pdb,tsu,XX|run8_1098_0003.pdb,tsu_test
r10_437_TrROS_Hall.pdb,tsu,r10_437_TrROS_Hall.pdb,tsu_test
r10_490_TrROS_Hall.pdb,tsu,r10_490_TrROS_Hall.pdb,tsu_train
r10_572_TrROS_Hall.pdb,tsu,r10_572_TrROS_Hall.pdb,tsu_train
r11_1081_TrROS_Hall.pdb,tsu,r11_1081_TrROS_Hall.pdb,tsu_train
r11_233_TrROS_Hall.pdb,tsu,r11_233_TrROS_Hall.pdb,tsu_train
r11_569_TrROS_Hall.pdb,tsu,r11_569_TrROS_Hall.pdb,tsu_train
r11_797_TrROS_Hall.pdb,tsu,r11_797_TrROS_Hall.pdb,tsu_train
r11_829_TrROS_Hall.pdb,tsu,r11_829_TrROS_Hall.pdb,tsu_train
r11_951_TrROS_Hall.pdb,tsu,r11_951_TrROS_Hall.pdb,tsu_test
r12_757_TrROS_Hall.pdb,tsu,r12_757_TrROS_Hall.pdb,tsu_train
r18_3_TrROS_Hall.pdb,tsu,r12_757_TrROS_Hall.pdb,tsu_train
r15_550_TrROS_Hall.pdb,tsu,r15_550_TrROS_Hall.pdb,tsu_train
r16_88_TrROS_Hall.pdb,tsu,r16_88_TrROS_Hall.pdb,tsu_train
r3_162_TrROS_Hall.pdb,tsu,r3_162_TrROS_Hall.pdb,tsu_test
r4_412_TrROS_Hall.pdb,tsu,r4_412_TrROS_Hall.pdb,tsu_train
r4_43_TrROS_Hall.pdb,tsu,r4_43_TrROS_Hall.pdb,tsu_train
r6_560_TrROS_Hall.pdb,tsu,r6_560_TrROS_Hall.pdb,tsu_train
2JTV.pdb,tsu,2JTV.pdb,tsu_train
2JVD.pdb,tsu,2JVD.pdb,tsu_train
2JVG.pdb,tsu,2JVG.pdb,tsu_test
2JZ2.pdb,tsu,2JZ2.pdb,tsu_train
2K1B.pdb,tsu,2K1B.pdb,tsu_train
2K28.pdb,tsu,2K1B.pdb,tsu_train
2K2A.pdb,tsu,2K2A.pdb,tsu_test
2RRT.pdb,tsu,2K2A.pdb,tsu_test
2K52.pdb_L42A,tsu,2K52.pdb_L42A,tsu_train
2K52.pdb_F21S,tsu,2K52.pdb_L42A,tsu_train
2K5H.pdb_G23A,tsu,2K5H.pdb_G23A,tsu_train
2K5H.pdb,tsu,2K5H.pdb_G23A,tsu_train
2K5H.pdb_G11S,tsu,2K5H.pdb_G23A,tsu_train
2K5N.pdb,tsu,2K5N.pdb,tsu_test
2K5P.pdb,tsu,2K5P.pdb,tsu_train
2K9D.pdb,tsu,2K9D.pdb,tsu_test
2KCF.pdb,tsu,2KCF.pdb,tsu_train
1I6C.pdb,tsu,2KCF.pdb,tsu_train
2M8I.pdb,tsu,2KCF.pdb,tsu_train
2M8J.pdb,tsu,2KCF.pdb,tsu_train
2M9E.pdb,tsu,2KCF.pdb,tsu_train
2M9F.pdb,tsu,2KCF.pdb,tsu_train
2M9I.pdb,tsu,2KCF.pdb,tsu_train
2KCM.pdb,tsu,2KCM.pdb,tsu_test
2KFV.pdb,tsu,2KFV.pdb,tsu_train
2KGT.pdb,tsu,2KGT.pdb,tsu_train
2KRS.pdb_Y53S,tsu,2KRS.pdb_Y53S,tsu_train
2KRS.pdb_W42A,tsu,2KRS.pdb_Y53S,tsu_train
2KRU.pdb,tsu,2KRU.pdb,tsu_test
2KVS.pdb,tsu,2KVS.pdb,tsu_train
2KVT.pdb,tsu,2KVT.pdb,tsu_test
2KWH.pdb,tsu,2KWH.pdb,tsu_train
2KYB.pdb_K55A,tsu,2KYB.pdb_K55A,tsu_train
2KT8.pdb_G54S,tsu,2KYB.pdb_K55A,tsu_train
2KT8.pdb_V15A,tsu,2KYB.pdb_K55A,tsu_train
2KYB.pdb_G2S,tsu,2KYB.pdb_K55A,tsu_train
2L09.pdb,tsu,2L09.pdb,tsu_train
2L2D.pdb,tsu,2L2D.pdb,tsu_train
2L33.pdb,tsu,2L33.pdb,tsu_train
2L6Q.pdb,tsu,2L6Q.pdb,tsu_train
2L9R.pdb,tsu,2L9R.pdb,tsu_train
2LC2.pdb,tsu,2LC2.pdb,tsu_train
3ZGK.pdb,tsu,2LC2.pdb,tsu_train
v2_2LC2.pdb,tsu,2LC2.pdb,tsu_train
2LCL.pdb,tsu,2LCL.pdb,tsu_test
2LHC.pdb,tsu,2LHC.pdb,tsu_train
2JWS.pdb,tsu,2LHC.pdb,tsu_train
2LHR.pdb,tsu,2LHR.pdb,tsu_train
2LQK.pdb,tsu,2LQK.pdb,tsu_train
2LSS.pdb_G6S,tsu,2LSS.pdb_G6S,tsu_train
2LSS.pdb_F17A,tsu,2LSS.pdb_G6S,tsu_train
2LVN.pdb,tsu,2LVN.pdb,tsu_train
4G3O.pdb,tsu,2LVN.pdb,tsu_train
2LX2.pdb_I32A,tsu,2LX2.pdb_I32A,tsu_test
2LYR.pdb,tsu,2LYR.pdb,tsu_train
2LYP.pdb_P41A,tsu,2LYR.pdb,tsu_train
2LYP.pdb_V26S,tsu,2LYR.pdb,tsu_train
2LYQ.pdb,tsu,2LYR.pdb,tsu_train
2M0C.pdb,tsu,2M0C.pdb,tsu_train
2L7F.pdb,tsu,2M0C.pdb,tsu_train
2L7M.pdb,tsu,2M0C.pdb,tsu_train
2M0Y.pdb,tsu,2M0Y.pdb,tsu_train
2M2J.pdb,tsu,2M2J.pdb,tsu_test
2M2L.pdb,tsu,2M2L.pdb,tsu_train
2M7O.pdb_I21A,tsu,2M7O.pdb_I21A,tsu_train
2M8E.pdb,tsu,2M8E.pdb,tsu_train
2M8U.pdb,tsu,2M8U.pdb,tsu_train
2MA4.pdb,tsu,2MA4.pdb,tsu_train
2MC5.pdb,tsu,2MC5.pdb,tsu_train
2MCK.pdb,tsu,2MCK.pdb,tsu_train
2MCH.pdb,tsu,2MCK.pdb,tsu_train
2MH8.pdb,tsu,2MH8.pdb,tsu_train
2MI6.pdb,tsu,2MI6.pdb,tsu_train
2MKX.pdb_N29S,tsu,2MKX.pdb_N29S,tsu_train
2MKX.pdb_L11A,tsu,2MKX.pdb_N29S,tsu_train
2MKY.pdb,tsu,2MKY.pdb,tsu_test
2MLB.pdb_L43D,tsu,2MLB.pdb_L43D,tsu_train
2MXD.pdb,tsu,2MXD.pdb,tsu_train
2MYX.pdb,tsu,2MYX.pdb,tsu_train
2N4R.pdb,tsu,2N4R.pdb,tsu_train
1E0L.pdb,tsu,2N4R.pdb,tsu_train
2MW9.pdb,tsu,2N4R.pdb,tsu_train
2MWA.pdb,tsu,2N4R.pdb,tsu_train
2MWB.pdb,tsu,2N4R.pdb,tsu_train
2N88.pdb,tsu,2N88.pdb,tsu_test
2O2W.pdb,tsu,2O2W.pdb,tsu_train
2OCH.pdb,tsu,2OCH.pdb,tsu_train
2LGW.pdb,tsu,2OCH.pdb,tsu_train
2LO1.pdb,tsu,2OCH.pdb,tsu_train
2M6Y.pdb,tsu,2OCH.pdb,tsu_train
6IWS.pdb,tsu,2OCH.pdb,tsu_train
2PTL.pdb_L38S,tsu,2PTL.pdb_L38S,tsu_train
2PTL.pdb_I58A,tsu,2PTL.pdb_L38S,tsu_train
2QFF.pdb,tsu,2QFF.pdb,tsu_test
r6_831_TrROS_Hall.pdb,tsu,r6_831_TrROS_Hall.pdb,tsu_train
r7_587_TrROS_Hall.pdb,tsu,r7_587_TrROS_Hall.pdb,tsu_train
v2K43S_2KVV.pdb,tsu,v2K43S_2KVV.pdb,tsu_train
v2R14S|R16S_2L3X.pdb,tsu,v2R14S|R16S_2L3X.pdb,tsu_train
v2R31S|R32S_2N5D.pdb,tsu,v2R31S|R32S_2N5D.pdb,tsu_test
v2_2HDZ.pdb,tsu,v2_2HDZ.pdb,tsu_train
v2_2LDM.pdb,tsu,v2_2LDM.pdb,tsu_test
v2_2LXE.pdb,tsu,v2_2LXE.pdb,tsu_train
v2_4UZX.pdb,tsu,v2_4UZX.pdb,tsu_train
v2_6IVS.pdb,tsu,v2_6IVS.pdb,tsu_train
3PG0,fp,3PG0,fp_finetune
P0ABQ4,fp,P0ABQ4,fp_finetune
P00648,fp,P00648,fp_test
P61626,fp,P61626,fp_finetune
P81708,fp,P61626,fp_finetune
P00698,fp,P61626,fp_finetune
P00025,fp,P00025,fp_finetune
P00044,fp,P00025,fp_finetune
P00004,fp,P00025,fp_finetune
P00045,fp,P00025,fp_finetune
P00974,fp,P00974,fp_finetune
P03050,fp,P03050,fp_finetune
P01053,fp,P01053,fp_test
P00651,fp,P00651,fp_test
P02633,fp,P02633,fp_test
P0AA25,fp,P0AA25,fp_finetune
P01308,fp,P01308,fp_test
P11540,fp,P11540,fp_finetune
P07107,fp,P07107,fp_finetune
P05413,fp,P05413,fp_finetune
P00094,fp,P00094,fp_finetune
P05798,fp,P05798,fp_finetune
P08463,fp,P08463,fp_finetune
P07445,fp,P07445,fp_test
P00282,fp,P00282,fp_finetune
P0A7Y4,fp,P0A7Y4,fp_finetune
P03051,fp,P03051,fp_finetune
P02185,fp,P02185,fp_finetune
P00720,fp,P00720,fp_finetune
P61823,fp,P61823,fp_finetune
P0A3H0,fp,P0A3H0,fp_finetune
P00099,fp,P00099,fp_test
P00257,fp,P00257,fp_test
P03706,fp,P03706,fp_finetune
P61024,fp,P61024,fp_finetune
P62942,fp,P62942,fp_finetune
P42771,fp,P42771,fp_finetune
P13479,fp,P13479,fp_finetune
P0A6F9,fp,P0A6F9,fp_finetune
P02417,fp,P02417,fp_finetune
P29160,fp,P29160,fp_finetune
P05230,fp,P05230,fp_finetune
Q13526,fp,Q13526,fp_finetune
P37001,fp,P37001,fp_finetune
P04166,fp,P04166,fp_finetune
P02631,fp,P02631,fp_test
P02625,fp,P02631,fp_test
P0A2D5,fp,P0A2D5,fp_finetune
P0AE67,fp,P0A2D5,fp_finetune
P00818,fp,P00818,fp_finetune
2IMM,fp,2IMM,fp_finetune
P01625,fp,2IMM,fp_finetune
P11053,fp,P11053,fp_finetune
P0A3C7,fp,P11053,fp_finetune
P00593,fp,P00593,fp_finetune
P00173,fp,P00173,fp_finetune
P00171,fp,P00173,fp_finetune
Q03026,fp,Q03026,fp_finetune
P0A3E0,fp,P0A3E0,fp_finetune
1YYX,fp,1YYX,fp_test
P04164,fp,P04164,fp_finetune
P04168,fp,P04168,fp_finetune
P00268,fp,P00268,fp_finetune
P24297,fp,P00268,fp_finetune
P00711,fp,P00711,fp_finetune
P00712,fp,P00711,fp_finetune
P01006,fp,P01006,fp_finetune
P01051,fp,P01051,fp_test
P02693,fp,P02693,fp_finetune
P07320,fp,P07320,fp_finetune
P08877,fp,P08877,fp_test
P0AA04,fp,P0AA04,fp_finetune
P10762,fp,P10762,fp_finetune
P22069,fp,P22069,fp_finetune
P30289,fp,P30289,fp_finetune
P41016,fp,P41016,fp_finetune
1CSQ.pdb_F9S,tsu,P41016,tsu_train
2LXK.pdb_G4A,tsu,P41016,tsu_train
1CSQ.pdb_F49A,tsu,P41016,tsu_train
1MJC.pdb_G17A,tsu,P41016,tsu_train
2LXK.pdb_F15S,tsu,P41016,tsu_train
P32081,fp,P41016,fp_finetune
P0A9X9,fp,P41016,fp_finetune
1MJC.pdb_L43S,tsu,P41016,tsu_train
P42773,fp,P42773,fp_finetune
P69543,fp,P69543,fp_test
