model,dataset,protein,n,n_train,spearman,pearson
null_smave,029_HMGCR_yeast_complementation_atorvastatin_medium,HMGCR,7904,131096,0.3174605939864887,0.3009164215564692
null_smave,013_MAPK1_drug_recovery_reversed,MAPK1,6354,148454,0.1975076378259463,0.19307571820028535
null_smave,022_UBI4_dextrose_growth_competition,UBI4,1172,152292,0.3995096377427741,0.41233072056951015
null_smave,008_CALM1_growth_abundance,CALM1,1730,153078,0.2453227548505055,0.25019802375507905
null_smave,999_ADRB2_DMS,ADRB2,4094,150714,0.3415925196061689,0.3337674646471413
null_smave,014_TPMT_abundance,TPMT,3427,151381,0.3662591472141904,0.3647861424983264
null_smave,999_bla_DMS_d,bla,4959,139165,0.2913169120396714,0.29512944000019997
null_smave,007_CBS_low_B6_activity,CBS,9367,136074,0.31212651630600635,0.31310995047483897
null_smave,005_NUDT15_abundance_reordered,NUDT15,2801,149199,0.33741068277792136,0.3369455692296428
null_smave,999_bla_DMS_a,bla,4745,139165,0.4685637950626931,0.4691193813373436
null_smave,033_LDLRAP1_yeast_2_hybrid_OBFC1_interaction,LDLRAP1,2432,152376,0.38895201810231655,0.37731789323326903
null_smave,999_bla_DMS_c,bla,980,139165,0.4695052072380118,0.4808004884586682
null_smave,999_bla_DMS_b,bla,4959,139165,0.2799376722284396,0.28363220139086853
null_smave,999_GmR_DMS,GmR,1784,153024,0.2087485698928178,0.20766823306717988
null_smave,999_HAh3n2_DMS,HAh3n2,9063,145745,0.2588660592938052,0.26761182545444356
null_smave,009_SUMO1_growth_abundance,SUMO1,1384,153424,0.39662010243256024,0.3891762925064672
null_smave,999_IF-1_DMS,IF-1,1349,153459,0.3340326173337511,0.33660524901076416
null_smave,999_env_DMS,env,9006,145802,0.3330714323326701,0.3384924472621063
null_smave,025_BRCA1_BARD1_heterodimer_formation,BRCA1,1638,151728,0.20247233766196196,0.19984742871208488
null_smave,002_PTEN_phosphatase_activity,PTEN,5555,146018,0.351499777942953,0.33891382089470085
null_smave,999_HAh1n1_DMS,HAh1n1,8835,145973,0.40650351236203275,0.4153895845409263
null_smave,999_HRas_DMS,HRas,3116,151692,0.36302649059220843,0.3617117345351204
null_smave,011_TPK1_growth_abundance,TPK1,2901,151907,0.2830741785799597,0.2844240912730721
null_smave,037_UBI4_E1_binding_limiting_E1,UBI4,1344,152292,0.39141169718814994,0.4021121196330276
null_smave,999_cas9_DMS,cas9,1992,152816,0.20031045765585798,0.20375960989121608
null_smave,030_HMGCR_yeast_complementation_control_medium,HMGCR,7904,131096,0.2879704543952912,0.28233952527846673
null_smave,031_HMGCR_yeast_complementation_rosuvastatin_medium,HMGCR,7904,131096,0.2875995104579051,0.2807825735687068
null_smave,006_CBS_high_B6_activity,CBS,9367,136074,0.35197150933555527,0.35206505445847563
null_smave,999_HSP82_DMS,HSP82,4287,150521,0.27127348332586965,0.27037854627974145
null_smave,999_GAL4_DMS,GAL4,1084,153724,0.33826369803112005,0.33111752679731205
null_smave,010_UBE2I_growth_abundance,UBE2I,2549,152259,0.3968825054618582,0.399408461568548
null_smave,004_NUDT15_drug_sensitivity_reordered,NUDT15,2808,149199,0.24640657000719507,0.24628928365081743
null_smave,021_PAB1_doxycyclin_sensitivity,PAB1,1188,153620,0.4453393484584555,0.4532561307423762
null_smave,026_BRCA1_E3_ubiquitination_activity,BRCA1,1442,151728,0.21299305703458246,0.1803977034647411
null_smave,999_ccdB_DMS,ccdB,1106,153702,0.3561446568061992,0.3589081558949451
null_smave,027_Src_kinase_activity_catalytic_domain_reversed,Src,3359,151449,0.28342179097177267,0.28196405476455844
null_smave,999_haeIIIM_DMS,haeIIIM,1903,152905,0.39377993610199813,0.39925496947041406
null_smave,003_PTEN_abundance,PTEN,3235,146018,0.3730057069950486,0.3643545184106328
null_smave,012_P53_abundance_reversed,P53,3781,151027,0.2589516528513126,0.21330615684228726
ddg_only,029_HMGCR_yeast_complementation_atorvastatin_medium,HMGCR,7904,131096,0.23441295595075962,0.24381350685796493
ddg_only,013_MAPK1_drug_recovery_reversed,MAPK1,6354,148454,0.25827879228784334,0.27266246285345336
ddg_only,022_UBI4_dextrose_growth_competition,UBI4,1172,152292,0.24946741839267247,0.27515702485258375
ddg_only,008_CALM1_growth_abundance,CALM1,1730,153078,0.07513219590446074,0.09429560514796885
ddg_only,999_ADRB2_DMS,ADRB2,4094,150714,0.18200639011547118,0.20246774222137937
ddg_only,014_TPMT_abundance,TPMT,3427,151381,0.369381329905536,0.38680834077153614
ddg_only,999_bla_DMS_d,bla,4959,139165,0.2765335691548631,0.28419738819177565
ddg_only,007_CBS_low_B6_activity,CBS,9367,136074,0.23029449703696508,0.24443154779581744
ddg_only,005_NUDT15_abundance_reordered,NUDT15,2801,149199,0.38226289139495107,0.4023518731778287
ddg_only,999_bla_DMS_a,bla,4745,139165,0.5143583347967907,0.532532882895488
ddg_only,033_LDLRAP1_yeast_2_hybrid_OBFC1_interaction,LDLRAP1,2432,152376,0.3380276586564265,0.339257458008681
ddg_only,999_bla_DMS_c,bla,980,139165,0.43965979145532685,0.48708044781477966
ddg_only,999_bla_DMS_b,bla,4959,139165,0.3409188141700453,0.36358235005485007
ddg_only,999_GmR_DMS,GmR,1784,153024,0.23182779279115057,0.2681585120771415
ddg_only,999_HAh3n2_DMS,HAh3n2,9063,145745,0.17750845795422412,0.18454466916874113
ddg_only,009_SUMO1_growth_abundance,SUMO1,1384,153424,0.3443972614738813,0.35920674760351634
ddg_only,999_IF-1_DMS,IF-1,1349,153459,0.2343741548505817,0.28478384839528215
ddg_only,999_env_DMS,env,9006,145802,0.1892795319787839,0.20771360011616075
ddg_only,025_BRCA1_BARD1_heterodimer_formation,BRCA1,1638,151728,0.07913269422477741,0.08758297403677187
ddg_only,002_PTEN_phosphatase_activity,PTEN,5555,146018,0.34130744018859294,0.3466538605050957
ddg_only,999_HAh1n1_DMS,HAh1n1,8835,145973,0.2926036155246366,0.30372481023334885
ddg_only,999_HRas_DMS,HRas,3116,151692,0.28227215303905434,0.30603924716228514
ddg_only,011_TPK1_growth_abundance,TPK1,2901,151907,0.1494793657974161,0.16178141611953983
ddg_only,037_UBI4_E1_binding_limiting_E1,UBI4,1344,152292,0.30511662608668266,0.3379914341895786
ddg_only,999_cas9_DMS,cas9,1992,152816,0.13375354504644288,0.15280507447212355
ddg_only,030_HMGCR_yeast_complementation_control_medium,HMGCR,7904,131096,0.22943279886460385,0.24071401789884625
ddg_only,031_HMGCR_yeast_complementation_rosuvastatin_medium,HMGCR,7904,131096,0.2197668713605846,0.2325453253678523
ddg_only,006_CBS_high_B6_activity,CBS,9367,136074,0.25273092269664577,0.26827090164517087
ddg_only,999_HSP82_DMS,HSP82,4287,150521,0.08682208475610309,0.1127204200531785
ddg_only,999_GAL4_DMS,GAL4,1084,153724,0.14527139494160043,0.17329349773942826
ddg_only,010_UBE2I_growth_abundance,UBE2I,2549,152259,0.30243644215480503,0.33010795275545446
ddg_only,004_NUDT15_drug_sensitivity_reordered,NUDT15,2808,149199,0.29094349636296685,0.30522514773311116
ddg_only,021_PAB1_doxycyclin_sensitivity,PAB1,1188,153620,0.18046405031745988,0.20459112151217718
ddg_only,026_BRCA1_E3_ubiquitination_activity,BRCA1,1442,151728,0.13131835084313567,0.1362002016549328
ddg_only,999_ccdB_DMS,ccdB,1106,153702,0.22734606390363285,0.2722831850034453
ddg_only,027_Src_kinase_activity_catalytic_domain_reversed,Src,3359,151449,0.23562921094922748,0.25024241146807613
ddg_only,999_haeIIIM_DMS,haeIIIM,1903,152905,0.31106480315196244,0.3233488309148364
ddg_only,003_PTEN_abundance,PTEN,3235,146018,0.42866646293031563,0.42817754919074896
ddg_only,012_P53_abundance_reversed,P53,3781,151027,0.33754488039333974,0.32339099238273283
dde_only,029_HMGCR_yeast_complementation_atorvastatin_medium,HMGCR,7904,131096,0.5215986705394772,0.4598585001602805
dde_only,013_MAPK1_drug_recovery_reversed,MAPK1,6354,148454,0.38282386749105113,0.3946741586506507
dde_only,022_UBI4_dextrose_growth_competition,UBI4,1172,152292,0.36156228530078294,0.3545514313518987
dde_only,008_CALM1_growth_abundance,CALM1,1730,153078,0.11846218476502124,0.12368383732140814
dde_only,999_ADRB2_DMS,ADRB2,4094,150714,0.40903529240112485,0.4044519134242055
dde_only,014_TPMT_abundance,TPMT,3427,151381,0.49498622911283074,0.49804347935295923
dde_only,999_bla_DMS_d,bla,4959,139165,0.6523649881623506,0.6516278865295482
dde_only,007_CBS_low_B6_activity,CBS,9367,136074,0.43809640757130347,0.4345630769052481
dde_only,005_NUDT15_abundance_reordered,NUDT15,2801,149199,0.279054170883775,0.2742133665524247
dde_only,999_bla_DMS_a,bla,4745,139165,0.602355564249441,0.6021842587407926
dde_only,033_LDLRAP1_yeast_2_hybrid_OBFC1_interaction,LDLRAP1,2432,152376,0.25913791986221213,0.2459366590520077
dde_only,999_bla_DMS_c,bla,980,139165,0.5539012523038088,0.5795896871967078
dde_only,999_bla_DMS_b,bla,4959,139165,0.3979279524813693,0.40769883776939453
dde_only,999_GmR_DMS,GmR,1784,153024,0.5035186660446654,0.5055065451201985
dde_only,999_HAh3n2_DMS,HAh3n2,9063,145745,0.1515966615374736,0.14786222807145877
dde_only,009_SUMO1_growth_abundance,SUMO1,1384,153424,0.4469931611282906,0.44135546936359094
dde_only,999_IF-1_DMS,IF-1,1349,153459,0.48466528634911055,0.4897694083490389
dde_only,999_env_DMS,env,9006,145802,0.24019483510317444,0.23695775594177704
dde_only,025_BRCA1_BARD1_heterodimer_formation,BRCA1,1638,151728,0.09408592222749484,0.09154616570913665
dde_only,002_PTEN_phosphatase_activity,PTEN,5555,146018,0.4998401590718152,0.49075085937727103
dde_only,999_HAh1n1_DMS,HAh1n1,8835,145973,0.3030218029273428,0.3016057834922688
dde_only,999_HRas_DMS,HRas,3116,151692,0.326045609616064,0.3338180495166786
dde_only,011_TPK1_growth_abundance,TPK1,2901,151907,0.1648179065674036,0.16811617127525819
dde_only,037_UBI4_E1_binding_limiting_E1,UBI4,1344,152292,0.42833912408905334,0.43654246365626365
dde_only,999_cas9_DMS,cas9,1992,152816,0.236499458155084,0.24086488183011384
dde_only,030_HMGCR_yeast_complementation_control_medium,HMGCR,7904,131096,0.46815122860661224,0.4263784501825737
dde_only,031_HMGCR_yeast_complementation_rosuvastatin_medium,HMGCR,7904,131096,0.4861105660777678,0.44865891406419384
dde_only,006_CBS_high_B6_activity,CBS,9367,136074,0.4479463769300091,0.44475342275104657
dde_only,999_HSP82_DMS,HSP82,4287,150521,0.4474213240814533,0.45429709463548096
dde_only,999_GAL4_DMS,GAL4,1084,153724,0.6046527589259062,0.5946928053617984
dde_only,010_UBE2I_growth_abundance,UBE2I,2549,152259,0.38515556940312046,0.3938132069998599
dde_only,004_NUDT15_drug_sensitivity_reordered,NUDT15,2808,149199,0.49876040630253043,0.5056130080350895
dde_only,021_PAB1_doxycyclin_sensitivity,PAB1,1188,153620,0.4814149760593915,0.4932018374032596
dde_only,026_BRCA1_E3_ubiquitination_activity,BRCA1,1442,151728,0.23241501750970053,0.1985019045442351
dde_only,999_ccdB_DMS,ccdB,1106,153702,0.3607645255958094,0.38532763719897434
dde_only,027_Src_kinase_activity_catalytic_domain_reversed,Src,3359,151449,0.3931018988517336,0.40659765038036555
dde_only,999_haeIIIM_DMS,haeIIIM,1903,152905,0.3166837774823965,0.31554071396111366
dde_only,003_PTEN_abundance,PTEN,3235,146018,0.393159218744934,0.3821319768072718
dde_only,012_P53_abundance_reversed,P53,3781,151027,0.4625825030997003,0.42094090276339136
ddg_dde,029_HMGCR_yeast_complementation_atorvastatin_medium,HMGCR,7904,131096,0.5550041420979579,0.496963167766585
ddg_dde,013_MAPK1_drug_recovery_reversed,MAPK1,6354,148454,0.4479708885504226,0.46724104512055575
ddg_dde,022_UBI4_dextrose_growth_competition,UBI4,1172,152292,0.40249094724936524,0.39990816249321837
ddg_dde,008_CALM1_growth_abundance,CALM1,1730,153078,0.1246068794520344,0.1456891190040237
ddg_dde,999_ADRB2_DMS,ADRB2,4094,150714,0.46617897187347973,0.4620604742196377
ddg_dde,014_TPMT_abundance,TPMT,3427,151381,0.5695938075150294,0.5762875867533812
ddg_dde,999_bla_DMS_d,bla,4959,139165,0.6820375234265452,0.6804164687092094
ddg_dde,007_CBS_low_B6_activity,CBS,9367,136074,0.4839392156359522,0.4834786859842678
ddg_dde,005_NUDT15_abundance_reordered,NUDT15,2801,149199,0.4355251334378358,0.43695022163959674
ddg_dde,999_bla_DMS_a,bla,4745,139165,0.7579718620708839,0.7588219302977156
ddg_dde,033_LDLRAP1_yeast_2_hybrid_OBFC1_interaction,LDLRAP1,2432,152376,0.39163622940710846,0.37151946309145856
ddg_dde,999_bla_DMS_c,bla,980,139165,0.6941946641311293,0.7231955029618498
ddg_dde,999_bla_DMS_b,bla,4959,139165,0.479578978516015,0.49755783056587605
ddg_dde,999_GmR_DMS,GmR,1784,153024,0.5530638697748521,0.5566666305586638
ddg_dde,999_HAh3n2_DMS,HAh3n2,9063,145745,0.2105951156396346,0.20660004749184516
ddg_dde,009_SUMO1_growth_abundance,SUMO1,1384,153424,0.47416613143260317,0.4750089667371498
ddg_dde,999_IF-1_DMS,IF-1,1349,153459,0.5245236135759993,0.5488743908132395
ddg_dde,999_env_DMS,env,9006,145802,0.29421408459752624,0.292657417934877
ddg_dde,025_BRCA1_BARD1_heterodimer_formation,BRCA1,1638,151728,0.1503179230075946,0.14264260617039132
ddg_dde,002_PTEN_phosphatase_activity,PTEN,5555,146018,0.5638835175519212,0.5605734333261831
ddg_dde,999_HAh1n1_DMS,HAh1n1,8835,145973,0.3973644517757508,0.39529958054289066
ddg_dde,999_HRas_DMS,HRas,3116,151692,0.4009428196116646,0.41533816493986936
ddg_dde,011_TPK1_growth_abundance,TPK1,2901,151907,0.2015347589302147,0.20753720785764523
ddg_dde,037_UBI4_E1_binding_limiting_E1,UBI4,1344,152292,0.45693438663989666,0.47485446759653305
ddg_dde,999_cas9_DMS,cas9,1992,152816,0.2502059538751797,0.2600749035533739
ddg_dde,030_HMGCR_yeast_complementation_control_medium,HMGCR,7904,131096,0.5111288010773151,0.47069098082367494
ddg_dde,031_HMGCR_yeast_complementation_rosuvastatin_medium,HMGCR,7904,131096,0.5253255502426699,0.4880711218263159
ddg_dde,006_CBS_high_B6_activity,CBS,9367,136074,0.505574781566979,0.506655087303964
ddg_dde,999_HSP82_DMS,HSP82,4287,150521,0.4421347395463633,0.4465287991505612
ddg_dde,999_GAL4_DMS,GAL4,1084,153724,0.6186508220444293,0.5922375472099864
ddg_dde,010_UBE2I_growth_abundance,UBE2I,2549,152259,0.4646101078441855,0.4801658080806828
ddg_dde,004_NUDT15_drug_sensitivity_reordered,NUDT15,2808,149199,0.5551654808891587,0.5666832605924856
ddg_dde,021_PAB1_doxycyclin_sensitivity,PAB1,1188,153620,0.5377491092761971,0.5464362853543936
ddg_dde,026_BRCA1_E3_ubiquitination_activity,BRCA1,1442,151728,0.3238871878718432,0.29410353677974255
ddg_dde,999_ccdB_DMS,ccdB,1106,153702,0.39192722664728713,0.4307608786247391
ddg_dde,027_Src_kinase_activity_catalytic_domain_reversed,Src,3359,151449,0.4323056208156946,0.4507020624455459
ddg_dde,999_haeIIIM_DMS,haeIIIM,1903,152905,0.4391391203653736,0.4312800921045843
ddg_dde,003_PTEN_abundance,PTEN,3235,146018,0.5312155700262178,0.5225933984748334
ddg_dde,012_P53_abundance_reversed,P53,3781,151027,0.5606499552053884,0.5104156185232688
position_context,029_HMGCR_yeast_complementation_atorvastatin_medium,HMGCR,7904,131096,0.5686115894323029,0.5225471722627554
position_context,013_MAPK1_drug_recovery_reversed,MAPK1,6354,148454,0.4770443882003672,0.5060755933364471
position_context,022_UBI4_dextrose_growth_competition,UBI4,1172,152292,0.45462736264951864,0.44045644801876555
position_context,008_CALM1_growth_abundance,CALM1,1730,153078,0.17292313105993423,0.18827364081160056
position_context,999_ADRB2_DMS,ADRB2,4094,150714,0.507355953393972,0.500991137313251
position_context,014_TPMT_abundance,TPMT,3427,151381,0.604353027289267,0.6156772191016701
position_context,999_bla_DMS_d,bla,4959,139165,0.6881629489272012,0.6870286387665154
position_context,007_CBS_low_B6_activity,CBS,9367,136074,0.5275997990067968,0.5258529760782156
position_context,005_NUDT15_abundance_reordered,NUDT15,2801,149199,0.4481313793625212,0.4393605080419626
position_context,999_bla_DMS_a,bla,4745,139165,0.8113578916630888,0.8129399805098123
position_context,033_LDLRAP1_yeast_2_hybrid_OBFC1_interaction,LDLRAP1,2432,152376,0.43296848723088005,0.4123104243179936
position_context,999_bla_DMS_c,bla,980,139165,0.7468171068914347,0.7777235748224169
position_context,999_bla_DMS_b,bla,4959,139165,0.5187049184340736,0.5412062963818252
position_context,999_GmR_DMS,GmR,1784,153024,0.5728628037675699,0.5857402958953947
position_context,999_HAh3n2_DMS,HAh3n2,9063,145745,0.24663893493358027,0.23658530692418234
position_context,009_SUMO1_growth_abundance,SUMO1,1384,153424,0.5364101357621373,0.5377675732707666
position_context,999_IF-1_DMS,IF-1,1349,153459,0.558590159774897,0.5947344602568605
position_context,999_env_DMS,env,9006,145802,0.3337170541803561,0.3353956475267816
position_context,025_BRCA1_BARD1_heterodimer_formation,BRCA1,1638,151728,0.2252961414548686,0.20707832992737576
position_context,002_PTEN_phosphatase_activity,PTEN,5555,146018,0.6052204887247143,0.6122920675886737
position_context,999_HAh1n1_DMS,HAh1n1,8835,145973,0.4350397540300962,0.42408510645634095
position_context,999_HRas_DMS,HRas,3116,151692,0.4233753232766182,0.44157124816241067
position_context,011_TPK1_growth_abundance,TPK1,2901,151907,0.23537372776683366,0.2421159503587925
position_context,037_UBI4_E1_binding_limiting_E1,UBI4,1344,152292,0.4913082238864828,0.521041903201861
position_context,999_cas9_DMS,cas9,1992,152816,0.27226173952877236,0.284557921317726
position_context,030_HMGCR_yeast_complementation_control_medium,HMGCR,7904,131096,0.5276483853704101,0.49694165356052855
position_context,031_HMGCR_yeast_complementation_rosuvastatin_medium,HMGCR,7904,131096,0.5324469481955484,0.5080175623567711
position_context,006_CBS_high_B6_activity,CBS,9367,136074,0.552564829836972,0.5532274672260489
position_context,999_HSP82_DMS,HSP82,4287,150521,0.46186578398453393,0.47987183598518895
position_context,999_GAL4_DMS,GAL4,1084,153724,0.6600061320832261,0.6284486144084352
position_context,010_UBE2I_growth_abundance,UBE2I,2549,152259,0.5260618375458564,0.537724171870074
position_context,004_NUDT15_drug_sensitivity_reordered,NUDT15,2808,149199,0.6181718588296471,0.6379403763426863
position_context,021_PAB1_doxycyclin_sensitivity,PAB1,1188,153620,0.6379382126654198,0.6436576946616772
position_context,026_BRCA1_E3_ubiquitination_activity,BRCA1,1442,151728,0.38443732849646317,0.34017443662475527
position_context,999_ccdB_DMS,ccdB,1106,153702,0.44846972172424016,0.5052955753420473
position_context,027_Src_kinase_activity_catalytic_domain_reversed,Src,3359,151449,0.47990654562185475,0.5114407876048024
position_context,999_haeIIIM_DMS,haeIIIM,1903,152905,0.5013352679776918,0.4908724311814121
position_context,003_PTEN_abundance,PTEN,3235,146018,0.5379213973017782,0.5274564493739564
position_context,012_P53_abundance_reversed,P53,3781,151027,0.6007575044983813,0.5453801203972639
