model,arm,dataset,protein,n,n_train,spearman,pearson
null_smave,shared,008_CALM1_growth_abundance,CALM1,1730,21685,0.1769796591362246,0.1894715056218875
null_smave,shared,999_GAL4_DMS,GAL4,1084,22331,0.2526865086978286,0.22456478537788843
null_smave,shared,999_GmR_DMS,GmR,1784,21631,0.23193989871432433,0.24072722679615763
null_smave,shared,999_HRas_DMS,HRas,3116,20299,0.33066553745546173,0.3349493297267141
null_smave,shared,999_IF-1_DMS,IF-1,1349,22066,0.3255557504594038,0.3258804630422668
null_smave,shared,004_NUDT15_drug_sensitivity_reordered,NUDT15,2808,17806,0.22529987704169865,0.22412520506799355
null_smave,shared,005_NUDT15_abundance_reordered,NUDT15,2801,17806,0.3517099620707538,0.34783027469375194
null_smave,shared,021_PAB1_doxycyclin_sensitivity,PAB1,1188,22227,0.4617452162562308,0.4766589385310964
null_smave,shared,009_SUMO1_growth_abundance,SUMO1,1384,22031,0.3998230962862654,0.39122144182588414
null_smave,shared,010_UBE2I_growth_abundance,UBE2I,2549,20866,0.35639336810867095,0.3559770237869606
null_smave,shared,022_UBI4_dextrose_growth_competition,UBI4,1172,20899,0.44323123727918134,0.4595601038975443
null_smave,shared,037_UBI4_E1_binding_limiting_E1,UBI4,1344,20899,0.3919106314962879,0.4103846593033221
null_smave,shared,999_ccdB_DMS,ccdB,1106,22309,0.35820579065823405,0.3683944581008307
dde_only,shared,008_CALM1_growth_abundance,CALM1,1730,21685,0.08840196366813169,0.10829712797872458
dde_only,shared,999_GAL4_DMS,GAL4,1084,22331,0.5789986998265999,0.5602703500373394
dde_only,shared,999_GmR_DMS,GmR,1784,21631,0.4923352228910189,0.49220593242020694
dde_only,shared,999_HRas_DMS,HRas,3116,20299,0.3400743891748488,0.35076782367543524
dde_only,shared,999_IF-1_DMS,IF-1,1349,22066,0.4737348527483256,0.48068568680619655
dde_only,shared,004_NUDT15_drug_sensitivity_reordered,NUDT15,2808,17806,0.5210987080192989,0.5223492221585916
dde_only,shared,005_NUDT15_abundance_reordered,NUDT15,2801,17806,0.3129173954151807,0.3046337159248829
dde_only,shared,021_PAB1_doxycyclin_sensitivity,PAB1,1188,22227,0.48784071037094584,0.49734191399290906
dde_only,shared,009_SUMO1_growth_abundance,SUMO1,1384,22031,0.4053979518486576,0.40159220286213504
dde_only,shared,010_UBE2I_growth_abundance,UBE2I,2549,20866,0.43016091923231875,0.43529632085861525
dde_only,shared,022_UBI4_dextrose_growth_competition,UBI4,1172,20899,0.3552253527280259,0.3516070105636128
dde_only,shared,037_UBI4_E1_binding_limiting_E1,UBI4,1344,20899,0.4323006454769291,0.44594066959260525
dde_only,shared,999_ccdB_DMS,ccdB,1106,22309,0.37068033037629483,0.3846362985014555
ddg_only,rosetta,008_CALM1_growth_abundance,CALM1,1730,21685,0.08935251316703655,0.10826644237870625
ddg_only,rosetta,999_GAL4_DMS,GAL4,1084,22331,0.1651594236166752,0.19595289858142984
ddg_only,rosetta,999_GmR_DMS,GmR,1784,21631,0.2566112490901675,0.3052099872644295
ddg_only,rosetta,999_HRas_DMS,HRas,3116,20299,0.302766663835939,0.33658295531935084
ddg_only,rosetta,999_IF-1_DMS,IF-1,1349,22066,0.27881251780396876,0.3480921102264808
ddg_only,rosetta,004_NUDT15_drug_sensitivity_reordered,NUDT15,2808,17806,0.2898360268050714,0.32420777452735705
ddg_only,rosetta,005_NUDT15_abundance_reordered,NUDT15,2801,17806,0.42712062089488245,0.4603035850956812
ddg_only,rosetta,021_PAB1_doxycyclin_sensitivity,PAB1,1188,22227,0.24003016484026402,0.27191942002676456
ddg_only,rosetta,009_SUMO1_growth_abundance,SUMO1,1384,22031,0.3127092550021602,0.3435501700248105
ddg_only,rosetta,010_UBE2I_growth_abundance,UBE2I,2549,20866,0.3389968672393443,0.37292712866094646
ddg_only,rosetta,022_UBI4_dextrose_growth_competition,UBI4,1172,20899,0.22853947831618932,0.27518210599236037
ddg_only,rosetta,037_UBI4_E1_binding_limiting_E1,UBI4,1344,20899,0.29743857213120756,0.34939158618751853
ddg_only,rosetta,999_ccdB_DMS,ccdB,1106,22309,0.26291261935556803,0.30054015946937773
ddg_only,boltz,008_CALM1_growth_abundance,CALM1,1689,21141,0.0984357154447471,0.12504542112272254
ddg_only,boltz,999_GAL4_DMS,GAL4,1061,21769,0.2863829646416032,0.32319961118333107
ddg_only,boltz,999_GmR_DMS,GmR,1736,21094,0.37831011513882457,0.4082734421549823
ddg_only,boltz,999_HRas_DMS,HRas,3034,19796,0.2797719882959734,0.30911799484923874
ddg_only,boltz,999_IF-1_DMS,IF-1,1318,21512,0.3061016906832811,0.34675283807194734
ddg_only,boltz,004_NUDT15_drug_sensitivity_reordered,NUDT15,2733,17370,0.3700263840077012,0.38837510090139177
ddg_only,boltz,005_NUDT15_abundance_reordered,NUDT15,2727,17370,0.5201332813076012,0.5339901853955726
ddg_only,boltz,021_PAB1_doxycyclin_sensitivity,PAB1,1164,21666,0.42599452314507436,0.4613700182708983
ddg_only,boltz,009_SUMO1_growth_abundance,SUMO1,1352,21478,0.41820636374528697,0.4506273649052175
ddg_only,boltz,010_UBE2I_growth_abundance,UBE2I,2493,20337,0.35024636432595085,0.38066659926509483
ddg_only,boltz,022_UBI4_dextrose_growth_competition,UBI4,1141,20380,0.2494241354281683,0.26974844826186484
ddg_only,boltz,037_UBI4_E1_binding_limiting_E1,UBI4,1309,20380,0.3756921400453374,0.4100959066684343
ddg_only,boltz,999_ccdB_DMS,ccdB,1073,21757,0.31121131782523515,0.34496436677975784
ddg_dde,rosetta,008_CALM1_growth_abundance,CALM1,1730,21685,0.12470366193364993,0.14707697034518952
ddg_dde,rosetta,999_GAL4_DMS,GAL4,1084,22331,0.5804545207213929,0.5458689281333728
ddg_dde,rosetta,999_GmR_DMS,GmR,1784,21631,0.56786734993656,0.5657842829334385
ddg_dde,rosetta,999_HRas_DMS,HRas,3116,20299,0.4119790090722962,0.4306327439558927
ddg_dde,rosetta,999_IF-1_DMS,IF-1,1349,22066,0.5226950162305605,0.5453492004969602
ddg_dde,rosetta,004_NUDT15_drug_sensitivity_reordered,NUDT15,2808,17806,0.5666120717370788,0.5763979833649777
ddg_dde,rosetta,005_NUDT15_abundance_reordered,NUDT15,2801,17806,0.4460650542696174,0.45074871811083944
ddg_dde,rosetta,021_PAB1_doxycyclin_sensitivity,PAB1,1188,22227,0.5373349394139556,0.5500643957681898
ddg_dde,rosetta,009_SUMO1_growth_abundance,SUMO1,1384,22031,0.48108079272370774,0.48124676981105596
ddg_dde,rosetta,010_UBE2I_growth_abundance,UBE2I,2549,20866,0.4693705840253972,0.48610654414168863
ddg_dde,rosetta,022_UBI4_dextrose_growth_competition,UBI4,1172,20899,0.38460319651653285,0.39421019657249723
ddg_dde,rosetta,037_UBI4_E1_binding_limiting_E1,UBI4,1344,20899,0.4651841891803053,0.48655939112327007
ddg_dde,rosetta,999_ccdB_DMS,ccdB,1106,22309,0.424753090682019,0.45308064395750175
ddg_dde,boltz,008_CALM1_growth_abundance,CALM1,1689,21141,0.12601993012117368,0.14634070214401454
ddg_dde,boltz,999_GAL4_DMS,GAL4,1061,21769,0.6093570111590113,0.5696722800979003
ddg_dde,boltz,999_GmR_DMS,GmR,1736,21094,0.5651407638740603,0.5641027517903849
ddg_dde,boltz,999_HRas_DMS,HRas,3034,19796,0.37871500809000724,0.39610680513282587
ddg_dde,boltz,999_IF-1_DMS,IF-1,1318,21512,0.5008392947044623,0.5161591228357361
ddg_dde,boltz,004_NUDT15_drug_sensitivity_reordered,NUDT15,2733,17370,0.5826935196678503,0.5900035573995677
ddg_dde,boltz,005_NUDT15_abundance_reordered,NUDT15,2727,17370,0.4314115584292245,0.42721398921753384
ddg_dde,boltz,021_PAB1_doxycyclin_sensitivity,PAB1,1164,21666,0.5387408316662664,0.5515585095429179
ddg_dde,boltz,009_SUMO1_growth_abundance,SUMO1,1352,21478,0.5192722587175725,0.5172842918167031
ddg_dde,boltz,010_UBE2I_growth_abundance,UBE2I,2493,20337,0.4689962899980877,0.4852531279257178
ddg_dde,boltz,022_UBI4_dextrose_growth_competition,UBI4,1141,20380,0.33297949620463435,0.3379293949329759
ddg_dde,boltz,037_UBI4_E1_binding_limiting_E1,UBI4,1309,20380,0.4446767221417886,0.4607080527233602
ddg_dde,boltz,999_ccdB_DMS,ccdB,1073,21757,0.3888431742542424,0.4181731233665429
position_context,rosetta,008_CALM1_growth_abundance,CALM1,1730,21685,0.15613893872517204,0.17347745248860585
position_context,rosetta,999_GAL4_DMS,GAL4,1084,22331,0.6403857518431596,0.612958546547045
position_context,rosetta,999_GmR_DMS,GmR,1784,21631,0.5766610008894665,0.584061895364683
position_context,rosetta,999_HRas_DMS,HRas,3116,20299,0.43513910911357645,0.45472994906945696
position_context,rosetta,999_IF-1_DMS,IF-1,1349,22066,0.5518833176815113,0.581160131571772
position_context,rosetta,004_NUDT15_drug_sensitivity_reordered,NUDT15,2808,17806,0.5891900568803898,0.6026391227188659
position_context,rosetta,005_NUDT15_abundance_reordered,NUDT15,2801,17806,0.4397749952628506,0.45234117738975654
position_context,rosetta,021_PAB1_doxycyclin_sensitivity,PAB1,1188,22227,0.6524998441245768,0.6577639839268516
position_context,rosetta,009_SUMO1_growth_abundance,SUMO1,1384,22031,0.5294789936706634,0.5288381516124345
position_context,rosetta,010_UBE2I_growth_abundance,UBE2I,2549,20866,0.5104983453739697,0.51753500070842
position_context,rosetta,022_UBI4_dextrose_growth_competition,UBI4,1172,20899,0.45135517315007007,0.4445642844181883
position_context,rosetta,037_UBI4_E1_binding_limiting_E1,UBI4,1344,20899,0.4999844546618299,0.5190204732488632
position_context,rosetta,999_ccdB_DMS,ccdB,1106,22309,0.45025677587745666,0.48264937528798824
position_context,boltz,008_CALM1_growth_abundance,CALM1,1689,21141,0.1568893441706557,0.17402292800180785
position_context,boltz,999_GAL4_DMS,GAL4,1061,21769,0.6338430245213974,0.6009047185233405
position_context,boltz,999_GmR_DMS,GmR,1736,21094,0.5729106715091123,0.5778158911921989
position_context,boltz,999_HRas_DMS,HRas,3034,19796,0.42070238931170606,0.4396839987765446
position_context,boltz,999_IF-1_DMS,IF-1,1318,21512,0.5492547669563989,0.5778238008883985
position_context,boltz,004_NUDT15_drug_sensitivity_reordered,NUDT15,2733,17370,0.5846179739841955,0.5988838939928589
position_context,boltz,005_NUDT15_abundance_reordered,NUDT15,2727,17370,0.4439056606396889,0.4541384582387686
position_context,boltz,021_PAB1_doxycyclin_sensitivity,PAB1,1164,21666,0.6447238153706433,0.656309046545438
position_context,boltz,009_SUMO1_growth_abundance,SUMO1,1352,21478,0.5177315855071057,0.5169417650658001
position_context,boltz,010_UBE2I_growth_abundance,UBE2I,2493,20337,0.5037997605750517,0.5178409610429048
position_context,boltz,022_UBI4_dextrose_growth_competition,UBI4,1141,20380,0.44906197684072524,0.43331653797978564
position_context,boltz,037_UBI4_E1_binding_limiting_E1,UBI4,1309,20380,0.47692940917122295,0.5056115329015448
position_context,boltz,999_ccdB_DMS,ccdB,1073,21757,0.4426261386286868,0.47980328432064917
