corpus,protein,prot_len,training_domain,identity,aligned,span_start,span_end,variants_total,variants_in_span
s669 (base 541),P02417,149,2HBB.pdb,1.0,48,1,48,96,70
s669 (base 541),P02417,149,2HBB.pdb_pross4,0.9791666666666666,48,1,48,96,70
s669 (base 541),P02417,149,2HBB.pdb_pross6,0.9583333333333334,48,1,48,96,70
s669 (base 541),P02417,149,2HBB.pdb_pross7,0.9166666666666666,48,1,48,96,70
s669 (base 541),P11961,428,1W4F.pdb,0.975609756097561,41,128,168,31,31
s669 (base 541),P11961,428,1W4G.pdb,0.9772727272727273,44,126,169,31,31
s669 (base 541),P40040,218,2WQG.pdb,0.975,40,2,41,29,29
s669 (base 541),P40040,218,4UZW.pdb,1.0,43,2,44,29,29
s669 (base 541),P40040,218,v2_4UZX.pdb,1.0,58,121,178,29,0
s669 (base 541),P48052,419,1O6X.pdb,1.0,72,23,94,20,20
s669 (base 541),Q53291,455,1PGA.pdb_L5A,0.9818181818181818,55,330,384,68,0
s669 (base 541),Q53291,455,1PGA.pdb_L7S,0.9818181818181818,55,330,384,68,0
s669 (base 541),Q53291,455,1PGA.pdb_T51A,0.9818181818181818,55,330,384,68,0
s669 (base 541),Q53291,455,1PGA.pdb_V39S,0.9818181818181818,55,330,384,68,0
s669 (base 541),Q53291,455,1PGX.pdb_A27S,0.9827586206896551,58,398,455,68,0
s669 (base 541),Q53291,455,1PGX.pdb_G42A,0.9827586206896551,58,398,455,68,0
s669 (base 541),Q53291,455,2LUM.pdb,1.0,54,401,454,68,0
s669 (base 541),Q53291,455,2PTL.pdb_I58A,0.9838709677419355,62,40,101,68,68
s669 (base 541),Q53291,455,2PTL.pdb_L38S,0.9838709677419355,62,40,101,68,68
s669 (base 541),Q53291,455,5UBS.pdb,0.9090909090909091,55,330,384,68,0
s669 (base 541),Q53291,455,5UCE.pdb,0.9090909090909091,55,330,384,68,0
