uniprot,mutation,ddg_flip,diag,dz,dz_cw,base,ddg,_occ,aft_svm,aft_mlp,aft_catboost
P0A9D2,S11A,1.8,0.6108051400625085,0.8546487363189625,1.118176993618869,1.1791691620931584,-1.8,0,0.1761360293814982,-0.4993502,-0.8050982837148067
P00149,A125H,2.69,0.402468649477414,0.271464839843213,0.3455362828816505,0.2733089223623574,-2.69,0,0.5992791101413422,1.1114678,0.5755151049118675
P00149,A87H,1.98,0.3609820571951452,0.3094201345481819,0.3015306379168251,0.3631624977003173,-1.98,0,0.443279225049492,-0.2677784,0.0330411731873041
P00149,A112H,1.7,-0.0214101724040219,0.1030365472268734,-0.0861919751322759,0.0803027802800991,-1.7,0,0.3018288645002656,0.49913102,0.3086817071330308
P00149,D24H,1.36,0.304896673410858,0.2296690753224621,0.5060515486459287,0.3160585304257729,-1.36,0,0.3412884412305028,-0.19180126,-0.03629102942164
P00149,D79H,2.05,0.254793817026049,0.0740628937607339,0.0110844135453687,0.327238003565489,-2.05,0,0.298136168029369,-0.44448292,-0.237389060301076
P00149,E94H,3.01,0.8388429767179726,0.467831325802071,0.7972377471826487,0.2484363158844505,-3.01,0,0.2398506007014093,-0.17026396,0.3231215455866827
P00149,K34H,0.6,0.2174554496105011,0.2887706355733642,0.2534113263891164,0.154576715939518,-0.6,0,-0.225286726230782,0.20656525,-0.0322638069883877
P00149,K41H,2.88,0.6596714881272361,0.5171123955255046,0.4972378777999637,0.3631002789311121,-2.88,0,0.0155877518676067,1.359636,0.2572186256008506
P00149,K52H,1.36,0.2068684169002816,0.2303250352667483,0.2601100219257313,-0.1210088154870835,-1.36,0,0.2956600410773066,0.1452985,0.4643273874104768
P00149,K60H,1.86,0.341020215810235,0.2704539091787223,0.2855419277332035,0.169733065662913,-1.86,0,0.4183000667009965,0.23654519,0.4034941722695696
P00149,K70H,2.02,0.528935336481461,0.3262428417227526,0.393980508233033,0.5076950124106581,-2.02,0,0.1276106218162025,1.1056265,0.3986390045957104
P00149,K105H,2.88,0.677770564709913,0.5441702088402356,0.5120976760160568,0.2926955843907711,-2.88,0,0.820441535248721,0.7663274,0.7000751213251113
P00149,K118H,1.97,-0.0032608475506875,-0.0543581277566124,0.0113572887633933,0.0850077606805405,-1.97,0,-0.1653386059773239,-0.22684063,-0.0588632778736082
P19267,M35W,0.7,-0.0290212317820481,0.3019847511987916,0.4166402678390362,0.5871526169134663,-0.7,0,0.2292668078662357,-0.014952317,0.4799700466093482
P19267,M35Y,0.4,0.263179322763073,0.6462802916544261,0.569243253374727,0.8264806141457127,-0.4,0,0.6162442021858014,0.4088795,0.6325371736006087
P02417,D23A,0.46,0.1299009492977222,0.1161175629597737,0.1355328285168317,0.5258719360933609,-0.46,0,0.329959967821797,0.07333098,-0.2076551366164288
P02417,D23N,0.58,0.2201381611223375,0.0736042911355219,0.1987935283185473,0.594220904695596,-0.58,0,0.3426196768529981,0.3535445,0.0677649960954025
P02417,D8N,0.3,0.2772724151372549,0.0923061407477777,0.3161982693711324,0.4531359943632131,-0.3,0,0.4888457868172921,0.23799069,-0.2039118166526497
P02417,E100A,0.98,0.1064964704966373,0.059495403712997,0.1402979096382595,0.2690773206671264,-0.98,0,0.1785046777499377,-0.22865443,0.4360683334895876
P02417,E100G,1.52,0.5754314312814344,0.3993541547237991,0.6410685657416075,0.4397597772427328,-1.52,0,1.1024192763308034,-0.06598161,0.6508162097822198
P02417,E17Q,0.21,0.239479135766821,0.1457675439397941,0.2019246053163153,0.7644768566449921,-0.21,0,0.9609079261322724,-0.4529488,-0.0626073989293788
P02417,E38Q,0.56,0.2174198289035768,0.1462756708367344,0.2058759093619257,0.3819317504644773,-0.56,0,0.4739048051478879,0.3724878,0.3010176050686386
P02417,E48Q,-0.03,0.1868933795223864,0.1062900004923913,0.0941266475865408,0.2430185633456759,0.03,0,0.3269597983961059,0.083163425,0.0410466116069674
P02417,E54Q,-0.33,0.2300275827061962,0.0686064191981302,0.1758382306236117,0.7462788480117688,0.33,0,0.2028192863238864,0.30537397,0.2425968591866443
P02417,H106Q,1.53,1.583329092478451,1.454659387049975,1.8575049327793351,1.519880735921501,-1.53,0,0.736062017726065,1.2340577,1.1804388867766489
P02417,H134Q,0.34,2.0105322657882425,1.7341295585325605,3.2764568218195,1.6433581214168598,-0.34,0,1.268788152060881,0.7483236,1.082083431705514
P02417,H144Q,0.56,0.6461782315714137,0.5799691282404212,0.555230777087262,0.7292908236215279,-0.56,0,0.5622294731081833,0.040873542,0.3756528858518265
P02417,I115A,3.52,2.6593212946218925,2.3017964929291934,2.575794613137358,2.5036534638012045,-3.52,0,3.0771551708062947,1.5406991,0.6669884893069318
P02417,I121A,2.88,2.238918581902903,2.142735578632406,2.513006829927496,3.199491918362343,-2.88,0,2.195396110885793,1.7323991,1.7788619435958266
P02417,I4A,2.22,1.7505802351392212,1.4919208862424742,1.9189621063674285,1.8009043365718191,-2.22,0,2.0680513946248547,0.19924659,-0.2950584140146933
P02417,I4V,0.59,0.9200539017913948,0.7227692165039599,1.235092159771661,1.620208844127281,-0.59,0,1.3596803191654658,0.3100949,-0.0303416338009302
P02417,I79A,3.49,2.401280415704072,1.907212255719972,2.53684058674136,2.311794981731192,-3.49,0,2.790327226568826,1.8019835,1.283771683148377
P02417,I93A,3.19,2.252623711190793,1.9267304134734056,2.1974402938208284,1.8741831198073535,-3.19,0,2.1091259305108827,0.8867055,0.382668832516386
P02417,I98A,4.28,2.513151363718123,2.292396905681444,2.9636272831799664,2.42573402420554,-4.28,0,3.3149625302092445,1.3468746,0.1384276617602365
P02417,K10M,-0.05,-0.0410621575134705,-0.1019430439766074,0.0189472824115428,-0.0530703773978692,0.05,0,0.3837389029010683,0.71928984,-0.020677472817133
P02417,K14M,-0.01,0.3666051914447775,0.2348372955218833,0.3666513380852173,0.2471710006857216,0.01,0,0.1558004953750984,-0.11885436,-0.1934805622622197
P02417,K15M,0.31,0.3099210818660091,0.1070577515872728,0.255236285914035,0.270329211810381,-0.31,0,-0.0599767753898079,0.18098924,0.3809610800575607
P02417,K7M,-0.35,0.3835027906422795,0.199833699438361,0.3879599117349602,0.3273662625948055,0.35,0,0.2980091242000726,0.1215435,0.2649982589843342
P02417,K96A,-0.61,0.0041000324195284,-0.1370839641686437,0.0342510525850175,0.1293939247770318,0.61,0,-0.403285770068488,-0.076659575,-0.0900921427151313
P02417,K96G,0.2,0.2355712013717671,0.1090398241594738,0.4741949181118457,0.181366643437301,-0.2,0,0.3787165701752118,0.36843047,0.1427187680060531
P02417,L102A,2.37,1.8952111707102468,1.684604132805,1.9429764077971403,1.669678593713105,-2.37,0,2.3095105423210107,0.1666092,0.2609891793948595
P02417,L108A,2.33,1.6799771691431544,1.5983580092952254,1.799605407459224,1.6688308163977643,-2.33,0,1.360420431328981,0.26444185,1.0091290259551762
P02417,L110A,3.21,2.126967441246056,1.9763375834798167,2.1598782604841538,1.8403605391295788,-3.21,0,1.9658753844792192,0.8191421,1.0445938289437948
P02417,L117A,0.82,1.9200681896683232,1.5945730443094384,1.21011537791065,1.6744671594415472,-0.82,0,1.7317277287157,1.2892329,1.2944863106340936
P02417,L133A,2.94,2.636799304715064,2.191745746842847,2.323966351512297,1.994534775052532,-2.94,0,2.2773833456170047,1.1124008,1.6232344174073086
P02417,L141A,3.56,2.1013206824556274,1.7005392386478402,2.291317338528425,2.0241494617008557,-3.56,0,3.1481642166951542,0.7048377,0.491073320369268
P02417,L30A,2.76,2.527446464279598,1.9920579565505927,2.717909649546212,1.496301313357278,-2.76,0,1.5451730410465228,0.19420683,0.5843274032581028
P02417,L30V,3.62,1.948119678803584,1.3144369612910458,2.3302231340128925,1.6419114850102925,-3.62,0,1.3860784370025168,1.1620721,1.1822270455255035
P02417,L6A,3.1,1.7741988498153511,1.1567722048426652,1.8128676491944744,1.238014369199279,-3.1,0,0.7855023676269797,0.41140607,0.3857734894945155
P02417,L6I,0.13,0.5930056539533392,0.2541745160080094,0.6583424743348761,0.914602967483522,-0.13,0,0.5423849188736105,0.5553863,0.0472533661692485
P02417,L6V,0.41,0.5838708460348447,0.3348502473544822,0.5804220720215643,0.9529953732312458,-0.41,0,0.3020152159882975,0.47642,0.0150817732631509
P02417,L72A,3.77,2.491081130122271,1.969374802858852,2.6504275100046355,1.614935930628819,-3.77,0,3.046847160181362,0.9493567,0.7676695538338193
P02417,M1A,1.46,1.026572129124623,1.0447973751609825,1.501856478964423,1.1599558334619575,-1.46,0,0.7419033880331203,-0.25040704,0.1244264266183533
P02417,M1G,2.36,1.4653802912554237,1.2273091435391426,2.2448779350344603,1.36605656597983,-2.36,0,0.9001534517323705,0.15592988,0.3133049934652218
P02417,V129A,1.81,1.569825202968462,1.3280543995328202,1.8630456399956536,1.3458195236515482,-1.81,0,1.5472115167221414,0.42327827,0.2539758518131337
P02417,V131A,1.93,1.4926668678186004,1.3055504862444651,1.8164603869267215,1.1110479649933365,-1.93,0,2.668317508042625,0.46573025,-0.8214687878977891
P02417,V137A,2.41,2.168225863562882,1.8242515315823944,2.52916811612264,1.2365732633614157,-2.41,0,1.5686590552632214,0.29614475,0.3905362913241576
P02417,V143A,3.25,1.807005977389053,1.5964016747924812,2.279577701598273,2.02413932193902,-3.25,0,3.067925438325376,0.9362272,-0.0792801021773877
P02417,V145A,1.92,1.414847252982359,1.087406199795968,1.7142312550616463,1.5326568072369935,-1.92,0,2.268305424664711,0.68318707,0.4138206588377405
P02417,V21A,2.33,1.2566089715257769,1.0298354545584338,1.64692249897158,1.4598297307564687,-2.33,0,1.643058322015611,0.59115314,-0.1267526482970253
P02417,V21I,0.4,0.5547779200831576,0.4306288791924473,0.897543946968503,1.204429121370326,-0.4,0,1.0798516588159923,0.5122024,0.2532423412464265
P02417,V21L,1.23,1.117361542963835,0.7978178271711334,1.303059590313837,1.3543813700907117,-1.23,0,1.479354767189635,0.7551343,0.4016347287744777
P02417,V3A,2.55,1.4425616543322763,1.2710954394145582,1.6477652978435688,1.2980179502461655,-2.55,0,1.972080228424688,0.4420979,-0.256849910206593
P02417,V3I,0.31,1.064794251542445,0.409300118851748,0.832941296737058,1.0743060014234949,-0.31,0,0.8667503567846468,0.05241476,0.1749751966057306
P02417,V3L,2.21,2.0666663700327508,1.2570368759841,2.043409979429922,1.5900843355055776,-2.21,0,1.6089615402681825,0.9242326,0.3172938744448602
Q16595,L198C,1.0,0.9096294786330268,0.6898083761280862,0.8135394258821688,1.2651808348987037,-1.0,0,-0.4456716558314165,0.46008945,0.5247276363717042
Q16595,L200C,2.0,1.5085880794967037,1.398586707640342,1.769631533603608,2.1746647361635247,-2.0,0,0.5140872490298823,0.84216344,0.9250636608418936
Q16595,L203C,-1.0,0.8417568970870286,0.5999619082637798,0.7124549033914427,1.3247347464722492,1.0,0,-0.0461167285650497,0.050694034,0.7700706852568601
Q16595,S181F,2.6,0.7479709057729369,0.3845765913621775,0.7709212386128668,0.7879652054740174,-2.6,0,1.0506284204452907,0.7664866,0.8948188672959535
P9WKK7,F345A,0.455,2.40576417628656,1.6422156457353918,2.2503845901950283,1.8053874817633364,-0.455,0,0.7280618698754985,-0.2198749,-1.8262693823136968
P11053,H43R,-4.0,-0.4004799578817707,-0.4348748275416888,-0.5171949134084268,-0.0584962085001679,4.0,0,0.2181155819598717,0.5693309,-0.1097441162816028
P0A3C7,E95D,1.1,1.1828961982683777,1.312454066937747,1.2822997052051155,1.1340256906025563,-1.1,0,0.6652555014890124,0.34949005,0.3661502559058732
P0A3C7,E95K,0.4,0.9749895664243526,0.9854755908704744,1.1813433572804035,0.6622669358691192,-0.4,0,0.9407331523088696,0.7309339,0.4347402493439661
P0A3C7,E95Q,-0.6,0.4230444285993554,0.2919068285961552,0.4639273775227363,0.0278349720551278,0.6,0,0.7088778379619752,0.49073476,0.2486367271993305
P0A3C7,E96K,-1.0,0.0513952536029736,-0.0943479356219681,-0.012531165002912,-0.1614764829650962,1.0,0,-0.0813890961246555,0.12189181,0.080988051369417
P0A3C7,F66A,1.0,1.4201742595176294,1.0980771319353295,1.3329104609658278,0.8417038961617667,-1.0,0,0.9291228330196432,0.8288646,0.7918538801570849
P0A3C7,F66I,0.9,2.0519269404709823,1.3186168560511642,1.5645687024562993,0.7557356286954302,-0.9,0,1.1600874348667547,1.1135145,0.8855452748531716
P0A3C7,F66W,0.6,0.2558985745869885,0.3675784518560567,0.3059798993968323,0.5226813995655378,-0.6,0,0.3652865406927338,0.37479058,-0.2316293499386462
P0A3C7,F66Y,0.5,0.1510252985692224,-0.0009602182481009,-0.04520510766746,0.1538119655895266,-0.5,0,0.8069198731439046,1.0754799,0.7886826725474536
P0A3C7,R43A,2.4,1.0667846114677857,1.1747293032246529,1.1631863593074163,1.0177138629962574,-2.4,0,0.5807041911541952,0.42580408,0.2312569944840983
P0A3C7,R43H,1.4,1.1504413933891302,1.1558433305234637,1.1324263981951248,0.736641985790804,-1.4,0,0.5259728233187714,0.17168847,0.1377172028734402
P0A3C7,T49A,-0.1,0.2466624272641448,0.2378275309652127,0.3231399411392056,0.0309180687336298,0.1,0,0.2064012145657638,-0.11902879,0.1803090054922475
P69168,A165K,0.287,0.2093762904271971,0.1438601917077961,0.2131382932062788,1.0600074628597425,-0.287,0,0.1865144136840495,0.07913185,0.3260095270272568
P69168,D178A,0.263,0.5567910834164513,0.3227495866221825,0.3102438461339852,0.4911356133754389,-0.263,0,0.2698966117455826,-0.06745593,0.1347823353252058
P69168,D178C,0.096,0.0644877875772445,0.0387448382864124,-0.0143070598691149,0.6248564320805776,-0.096,0,0.0639029156340384,0.053656682,0.0967270471345243
P69168,D178E,0.359,0.2986295974491657,0.2579223011176468,0.1298378226956419,0.6365623482015594,-0.359,0,0.2157124877030791,0.115497276,0.0942883331890292
P69168,D178F,0.359,0.0013079246106456,0.0458494530096759,0.0911830675857587,0.5138611671108589,-0.359,0,0.298841246690447,0.3910005,0.119349258795751
P69168,D178G,0.669,0.3393268827024447,0.1657732758891009,0.17280407731153,0.4748594344416912,-0.669,0,0.2755676347160767,-0.269706,0.053226182249987
P69168,D178H,-0.048,0.1235646189035312,0.0433177893941303,0.0908854432799192,0.5455032505429424,0.048,0,0.1801067743061349,0.006738171,0.0695389109779454
P69168,D178I,0.932,0.0795085519318985,0.0642160532590844,0.1287844205412391,0.5550165456569618,-0.932,0,0.3356709057666546,0.38778466,0.1647822160728629
P69168,D178K,0.335,0.2211166663950735,0.140731155155515,0.1502167311146322,0.5271625923201565,-0.335,0,0.3180356451550472,0.2229382,0.1294232542420841
P69168,D178L,0.55,0.2191227582025706,0.1773989527932363,0.2104293327522179,0.5592023973147378,-0.55,0,0.2657514808722793,0.29954147,0.1345371808498642
P69168,D178M,0.502,0.0702005637604469,0.0421750066564754,0.0616411121254974,0.5394897767936782,-0.502,0,0.145877167235819,0.21137424,0.053416404554062
P69168,D178N,-0.072,-0.0620036782794155,-0.0912604635515585,-0.0632288721212381,0.4920104835482959,0.072,0,0.2958877878651934,0.23249833,0.0366227103410949
P69168,D178P,0.645,0.6771122130215901,0.3145448704021981,0.2606395878046232,0.4472750910350291,-0.645,0,0.422499291269889,0.40205234,0.1158712632015937
P69168,D178Q,0.478,0.0654720304466465,0.016878795631015,0.0622341542793358,0.5318069799726873,-0.478,0,0.2005677610087254,0.3653841,0.1638671165442536
P69168,D178R,0.669,0.183714955534438,0.1272086870135705,0.1838904966280318,0.5055944909486374,-0.669,0,0.3064601978999903,0.4060096,0.1240725833199867
P69168,D178S,0.287,0.1126839389673408,0.0676617447750139,0.1054044058594295,0.4853065834959345,-0.287,0,0.3805976288491117,0.19384454,0.1415995282431307
P69168,D178T,0.741,0.1942220032461397,0.2255764261057188,0.1097188857635941,0.5442954776173214,-0.741,0,0.4050032549879152,0.3165781,0.0699490514359294
P69168,D178V,1.123,0.1258707440184278,0.1483709505411264,0.0911722759616184,0.5422489142945092,-1.123,0,0.3962494272368383,0.32489753,0.1048721218294026
P69168,D178W,0.1669999999999999,0.0087103482210869,0.0548931096848427,0.1735693634341778,0.504781351608076,-0.1669999999999999,0,0.2748618296356782,0.011228606,0.0824900406360983
P69168,D178Y,0.072,0.0844726499952644,0.1249609717043023,0.183154799394734,0.5661347768686318,-0.072,0,0.24936953383267,0.15272428,0.1207312973697144
P69168,F154V,3.705,1.349658040321802,0.8447194985469212,1.0324480564509542,1.9142666961765105,-3.705,0,0.6197041037283448,0.29774258,-0.4109464121582471
P69168,N156G,-0.765,0.0802355168022401,0.2150188340364132,0.2566783036050385,1.3796499735255172,0.765,0,-0.1088715029887363,0.16110589,-0.1434820583464174
P69168,N157K,0.43,0.6647834988676883,0.6464133929825616,0.5708542689289684,1.7774722565189889,-0.43,0,0.1670576558096408,-0.2865603,-0.3787108363498261
P69168,N157V,2.032,0.7457984053867037,0.3750567231795771,0.5385611011584388,1.7845080439598224,-2.032,0,-0.5503812904040486,-0.49306625,-0.5378459300584998
P69168,Q155N,1.793,0.3002626690210587,0.3954467866711344,0.2487311565051101,1.6841857401703482,-1.793,0,0.2807098357280062,0.5689267,0.934708871141446
P69168,Q163N,-0.263,0.103158938728131,0.1615051607742262,0.1468912211256364,0.8454855315173055,0.263,0,-0.2471839729654872,-0.6249159,-0.1413069502983762
P69168,R162V,-0.765,0.0517749886371492,0.1245820596334793,-0.1087002528765359,0.8952033469227532,0.765,0,0.1400972199122873,-0.19966246,-0.0414554047433311
P07845,A8D,1.6,-0.184143456615717,-0.1049473011912624,-0.1395226501217544,0.2038136864726406,-1.6,0,0.2975258182926498,-0.3312825,-0.4697923969573358
P60849,P18A,1.936,0.6902945761092116,0.716966331191415,0.8283711135916445,0.3121834394302392,-1.936,0,0.6316018637337643,0.52662283,0.4337422042709242
P60849,P62A,2.5810000000000004,0.8574104384939394,0.8412088736442053,0.9598278761562282,0.6267349911013564,-2.5810000000000004,0,0.6630531655143139,0.13836887,0.6073848069604686
P02654,G41A,-0.4,-0.1984398913031468,-0.2891032431606955,-0.2359758840013556,0.243509933804721,0.4,0,0.0437156002155503,-0.5376947,-0.3042843806198989
P05112,C48T,3.3,2.0271973549329463,1.3356721504802886,0.9668614221218934,0.9950540288711786,-3.3,0,1.84678316682077,0.42109716,0.6929560634582086
P05112,C27T,5.0,1.6695214254346509,1.0672754214127902,0.887338090008677,0.6331041859777364,-5.0,0,0.8406078099730685,0.39960492,0.0672121126270336
P05112,W115S,-1.4,0.5222982942824734,0.2388800468456976,0.5675711691531395,0.479305295780823,1.4,0,0.1373410224975162,0.033229455,-1.074979304548613
P47992,K46A,-0.1,0.2754354547796288,0.0099111699221287,0.1282614948163253,0.6295247928495112,0.1,0,0.2362983920259161,-0.32404125,0.0136141522049624
P47992,K87A,-0.1,-0.1105531891934584,-0.234365650229097,-0.0589349376315987,0.290481149819819,0.1,0,0.4452563131859484,0.1734353,-0.0266607495533964
P47992,R44A,-0.8,-0.0443756350304426,-0.2576879858426739,-0.2675373157938459,0.3848703373676216,0.8,0,-0.2917549310452971,-0.75946724,-0.3829440940308836
P47992,R56A,0.1,0.1092921375391446,-0.1324793211648691,0.1977753688242339,0.5447998471692547,-0.1,0,0.7208417858947664,0.4003734,-0.3038579810868699
P47992,R64A,-0.7,-0.1370596399845232,-0.3257669585959103,0.1011551716095877,0.242214472435562,0.7,0,-0.0533775966275136,-0.55368793,-0.0356758511070855
P47992,R30A,0.1,-0.2300517240953268,-0.3041781081033718,-0.1870453653047552,0.2765474184775554,-0.1,0,0.3592432685307644,0.54541844,-0.0734598603919477
Q7KIF2,E64D,1.162,1.206628825799172,0.8949295190286957,1.1070779909576782,1.280665631727464,-1.162,0,0.3751656853626362,-0.35711712,-0.1202920321181556
Q7KIF2,E64N,2.3040000000000003,1.3395083127728566,1.0284473780005663,1.187094703532517,1.190548373565521,-2.3040000000000003,0,0.1813634714351448,-0.2799002,-0.1464064493042197
Q7KIF2,E64Q,2.302,0.6212592161104267,0.3471493441757619,0.3293398970297652,0.9183716621873212,-2.302,0,0.4225499650437083,-0.22191949,0.2334361529028857
Q10ST8,F66A,1.6969999999999998,2.779033598449084,2.1591046038448902,1.97143637380534,2.3455684416916056,-1.6969999999999998,0,0.942405511088568,0.040512875,0.3243911048283404
Q10ST8,Y72A,0.55,1.4490467142550465,1.20495980421878,1.2435652316247912,1.0458535185817983,-0.55,0,0.9308752401310304,-0.14768894,0.0526825393267232
Q10ST8,Y75A,1.482,0.7127560568060705,0.8097205442344879,0.5829502898361799,0.6510123014622569,-1.482,0,0.8891736762386653,-0.052277848,0.0479554091815147
P00441,E101G,2.5,1.0123609038440324,0.6649152163449459,0.8066562033540661,0.1793046560962397,-2.5,0,0.718997366532985,0.003750354,0.9111543318797308
P00441,G86R,1.4,2.247384815110673,2.6924219998548504,2.4769271382533704,3.1137825161911974,-1.4,0,1.7799167226244763,2.131301,2.8284046087714065
P00441,H47R,-1.4,1.5720817906190176,1.552405183389371,1.5751728089178354,2.518155636597598,1.4,0,0.7209004598820679,1.150763,0.7864108007786488
P00441,V149I,-0.1,0.1800450853320986,-0.0189829545027579,0.2100660934785586,0.4224446318862265,0.1,0,0.1455426327891025,-0.30515188,-0.3414202630090628
Q9RA57,F21A,1.39,1.034420246003607,0.9212741127592996,0.6995191987949223,1.5271648464301593,-1.39,0,1.173533376857469,0.050051227,0.4937587546287062
Q9RA57,I39A,1.39,2.7410946373484526,2.775002404045649,3.1308368597577663,1.9162699153418064,-1.39,0,2.998732008186373,0.7695968,-0.4063262238254062
Q9RA57,I80A,2.79,1.416871310369433,1.2595797693166209,1.4614663821723266,1.1879432460905064,-2.79,0,1.433115155012444,0.5745006,0.7764561689135809
Q9RA57,I89A,2.35,2.369838838081645,2.0449573388663387,2.168678529255529,2.48902777692132,-2.35,0,1.7609729378104493,0.677094,0.8591053534247685
Q9RA57,I8V,1.52,0.6640613937767312,0.6467246975547492,0.4863583220090329,1.3680865652392498,-1.52,0,0.7082254390199108,0.0020251274,0.4320790058672422
Q9RA57,L13A,1.52,0.7389521660575422,0.5346772650375897,0.7792196205642553,0.3825869681005127,-1.52,0,0.777143142967371,0.56420785,-0.0372677309610305
Q9RA57,L57A,1.11,0.3132168780162072,0.4404955430095428,0.6989570846422195,0.3364033678802028,-1.11,0,0.673424430496865,-0.18456443,-0.4033952553898168
Q9RA57,V12A,1.94,1.171195475169723,1.2477573733119622,1.5588175124918484,1.0706950139260345,-1.94,0,0.8855572424587886,0.21401353,0.4991653638278035
Q9RA57,V30A,2.84,1.967293585297092,1.973526723045963,2.0683149651830286,1.5087929663704522,-2.84,0,2.301626879194969,0.18497719,-0.0656990489332733
Q9RA57,V43A,2.82,1.62082378692867,1.9271464655592263,2.087886471683327,1.926004725751613,-2.82,0,2.2783690078828087,-0.19368841,-0.3789488549893539
Q9RA57,V49A,2.83,1.7717651168010735,1.893831404710602,2.081250223818997,1.7107278656682443,-2.83,0,1.863218509154576,0.49177927,0.98452286186869
Q9RA57,V51A,3.24,1.7082179249552527,1.9373195629530364,2.1633014765135856,1.7000526201157171,-3.24,0,1.743955420942592,0.64821386,0.7595860455866652
Q9RA57,V54A,3.73,1.9506073799559251,2.026908140186771,1.9987588684468964,1.964387655962296,-3.73,0,2.176836847581475,0.6276154,0.9185650930358142
Q9RA57,V81A,2.82,1.197452261985299,1.462998810581047,1.4335392576720578,1.3621754139736726,-2.82,0,2.198790016713441,0.4037376,0.1017471125627535
Q9RA57,V83A,3.1,1.6397154082935508,1.7338820483147366,1.7822263958071758,1.6116834567221372,-3.1,0,2.3326352115462177,1.0702219,0.4598187099913883
Q9RA57,Y18A,-0.06,0.5610698177933974,0.2915844092765867,0.3970835324277065,0.2477391153707303,0.06,0,0.7231258308312902,0.04980579,0.2088235013427997
Q9RA57,Y26A,4.61,2.795577822756138,2.6529121578171537,2.428213765157364,2.693710468476912,-4.61,0,2.5900349315356186,1.205894,1.0279106384138217
P07830,D188N,0.88,0.4466890344988511,0.1728601781383502,0.3178139286158827,0.8167284530099626,-0.88,0,-0.3284448913587917,0.42172873,0.0383196234998122
P07830,D188Y,1.9,-0.009151924657584,-0.2054659699903303,-0.0887625313586558,0.7582229950470795,-1.9,0,-0.2827541834560758,0.4149264,0.5866932498996953
P51161,E111A,3.3,0.5882018771974478,0.7317138727105267,0.8860181355093755,1.2424220747951886,-3.3,0,1.2320801639915335,-0.5735613,-0.819944846039607
P51161,N62A,1.2,1.242362574913815,1.5635612772999918,1.4313811663123468,1.5228045446866934,-1.2,0,1.5954427435552947,0.31763637,0.1159540214494775
P51161,Q52A,0.3,0.5846310115121686,0.521693045044758,0.6739673102273428,0.6788035404728656,-0.3,0,1.218709369839077,0.26104322,-0.2925247510931263
P51161,Q100A,-0.3,0.6797299546425494,0.9367752863810768,1.0320664142534604,1.182483940175325,0.3,0,0.3654457154150734,-0.65756303,-0.4936607280494329
P51161,T39A,1.2,1.3496602581199373,1.6291537870103352,1.802438522124856,1.6721843129392204,-1.2,0,1.4648441609805518,-0.29126662,-1.3367078479184515
P51161,W50Y,1.2,1.39970915614992,1.1651676807793725,1.2471046299963695,1.537507428744215,-1.2,0,1.6617852407843567,1.1290883,-0.1645620554023383
P48052,A46G,1.2,0.3448088919916312,0.0187402428801841,0.4059220762894204,0.781565672890762,-1.2,0,0.2377773464581661,-0.09161116,0.175343874241076
P48052,A65G,1.4,0.8097477839656284,0.2652650658989214,0.8422343733940145,1.1633402547589855,-1.4,0,1.208673592081836,-0.36979204,0.0034356523121086
P48052,D53A,-0.36,0.5451211666437478,0.4985362118159118,0.793966244859558,1.4046815681163587,0.36,0,-0.052827690328272,0.21710609,-0.1664544446494319
P48052,E29A,0.3,0.4424992771492966,0.3884923831212366,0.3635129511590337,1.184256777986589,-0.3,0,0.2812165522798749,-0.2667762,-0.178865848409378
P48052,E35G,1.42,0.4864560739807486,0.2637489822807325,0.6482832626839915,0.7930794479868286,-1.42,0,0.5337434133416108,0.46562082,0.3348833594163679
P48052,F54L,1.88,1.938504534662604,1.0824179469290285,1.7687274635476584,1.4950989158659382,-1.88,0,1.1989816550272272,0.5860147,0.8667977101087304
P48052,F80A,0.98,1.5560350576362214,0.9380923607065114,1.6174485199859665,1.3742713594273357,-0.98,0,1.7722809745527943,1.2839615,0.8991719098310916
P48052,H66A,0.61,1.931469006494141,1.0977347530940196,1.8718382065471344,1.694387740261078,-0.61,0,0.3916980254523784,-0.16165052,-0.2100485364239506
P48052,I30V,0.43,0.0253524410808871,0.0694443076429261,0.1174596677953267,1.1749935069642086,-0.43,0,1.5188039850483714,0.6987579,0.4606396088222059
P48052,I38V,-0.42,0.4730831782695629,0.2617911663962601,0.6854765846485129,1.099520859850243,0.42,0,0.6509554594114766,0.16284277,-0.1652535064723118
P48052,I86V,1.31,0.9659632754654416,0.5047584549588953,1.2422400151079016,1.3220741777633738,-1.31,0,0.9857826591982,-0.115135685,0.114604134498318
P48052,I90A,1.31,1.1012317692008329,0.8465477261298415,1.5303854003917383,1.1282125835112755,-1.31,0,0.6101790816441544,0.6584624,0.1500947463598739
P48052,K56A,1.98,1.2885857193133252,0.7537776649804472,1.087710546338693,1.1714676168757792,-1.98,0,0.5885316758781481,0.10308201,0.3970164691871441
P48052,L41V,0.97,1.5608648492476458,0.6089425393839983,0.9962440705764324,1.6266684431545322,-0.97,0,1.2904647642403615,-0.10139288,0.4267705369600698
P48052,N73A,0.08,-0.0093238781110436,0.1547809009855747,0.1267500710336434,0.8026835024454414,-0.08,0,0.133668143909812,-0.16356914,-0.2580933971398701
P48052,Q75G,0.49,0.3214936173962855,0.161084750061017,0.5911042665367023,0.832056710867176,-0.49,0,0.7842516987197327,-0.3002938,0.4146309560912476
P48052,V27A,1.1,1.7887961352113606,1.205313968755202,2.205324177464167,1.7200500664459797,-1.1,0,1.0186913855031194,0.6093143,0.4697017275140531
P48052,V67A,1.08,1.584678887653724,1.0143057413573615,1.5395019553342773,1.4091053414979515,-1.08,0,2.417229045581112,0.14785753,0.1472199509451934
P48052,V79G,1.1,0.6928367632377384,0.4570641837483716,0.5686018138292571,0.7490415238346267,-1.1,0,0.3187370334794696,-0.38126576,-0.4898751332025067
P48052,Y88L,2.78,2.013976587097672,1.3005370146163642,2.3520219582399293,1.4109374095332612,-2.78,0,2.112759734806785,1.4871763,1.6948929160505062
Q5SIY4,I11V,0.05,0.3501476770602405,0.2335609967756163,0.3503456473368243,1.0213628324554165,-0.05,0,0.6300919845698155,0.08940716,0.071070490007863
Q5SIY4,S92F,-0.39,0.205568832875001,0.0983446091052989,0.0720897588871362,0.682098044994415,0.39,0,-0.1199301328378458,0.80020815,1.2525881142422504
Q5SIY4,V126M,2.25,0.4060772615240841,0.0760468418297936,0.7119586371117645,1.0619378429060604,-2.25,0,0.1510714422964143,-0.14193149,0.7001799339602031
Q5SIY4,V15I,0.78,0.2051813848298281,-0.0522084075433314,0.046493151422934,1.1668697591671493,-0.78,0,-0.3115461941707992,-0.098877475,-0.0291971793061749
P07737,A21T,1.53,2.04121890776908,1.8097431587649595,1.9638351314532725,1.3293037030406814,-1.53,0,1.529536816672207,1.0401595,0.9784323204107632
P07737,G118V,1.96,1.5112722073334268,1.3960862042768831,2.2172282410737214,1.2977420420095271,-1.96,0,1.2782587705313753,1.2968456,0.4359457972652249
P07737,M114T,3.53,2.20454450986308,2.150065729047415,2.3580885467864854,2.198258947860754,-3.53,0,2.350431936494555,1.5928315,0.0198176167578121
P07737,Q139L,-1.82,0.5246391784048173,0.0455486239242794,0.2432927433673931,0.3502558972829654,1.82,0,0.0973566921157101,1.1105139,0.0965105778046298
P07737,T109M,-0.07,0.3024837656709859,0.01355298438645,0.2205585273735228,0.1410405356576315,0.07,0,1.3835658818257803,0.2509334,0.1675588118534312
P09167,C182S,2.4,0.8767160630353885,0.5920837150628409,0.4876728549824022,1.8213235010117,-2.4,0,1.047084007575256,0.9954524,0.4223874962487813
P84131,R244E,4.2,1.7245132697331698,1.5445748027786406,0.9973835038327458,1.0843909569747183,-4.2,0,1.0004487604322954,1.0424032,0.938590624526736
P00441,C112S,-0.8,0.4091432058892928,0.2706917592008469,0.2684650005064128,0.6080452148962714,0.8,0,0.6645220618927004,0.44092888,0.3140834345719734
P00441,C7A,-0.1,0.6521730462076585,0.4424382594044808,0.6725652454448289,0.5987647968349791,0.1,0,0.2706900704643956,-0.48174584,-0.9615500219264748
P11309,E124Q,2.9,0.0369739218192151,0.0932548730168488,0.0045654783082956,0.3313381038329375,-2.9,0,0.3665626753910926,-0.043959603,0.1879546527793984
P11309,E135K,4.59,0.958067826902848,0.7279380170903176,0.7613876450218787,0.683100720572923,-4.59,0,0.1261518541340523,0.06412636,0.0875979405196476
P11309,E142D,3.22,0.0362665049937756,0.1193362757473626,0.0301759058006986,0.4230018710670967,-3.22,0,0.1442092320028135,-0.2880569,0.8668246698917159
P11309,Y53H,3.3,1.5562321039598142,1.132562594446155,1.162259850958677,1.2157736910245918,-3.3,0,0.501549651694031,0.69111156,0.3631702353755088
P18429,N209R,-0.358,1.181153199082166,1.1687832564015688,1.3859744484096812,0.6778020832678676,0.358,0,0.5893252528365082,0.4277267,0.2094628014678862
P18429,N60D,0.86,0.0805694488427855,0.0771165729062403,0.1094425871597621,0.2836675800041212,-0.86,0,1.071521348219706,0.62263787,0.7415838735227848
P18429,N82E,0.645,1.1951215310750192,0.9921705988046072,1.0644206787371449,0.804918392111424,-0.645,0,0.5925256730901916,0.1959565,-0.243678287972211
P18429,S50E,-0.239,-0.0212427005427334,-0.0798219638902799,-0.0085733958673999,0.2226646282459944,0.239,0,-0.1989425939804896,-0.06766869,-0.3102812168946139
P18429,S55E,0.645,0.6977422858938382,0.6988773899915085,0.6316574137596171,0.5720355753286255,-0.645,0,1.23510467834762,0.42524427,0.0653588280182129
P54178,F61W,-2.87,1.2374584450869737,0.9789804149913742,1.2243183789877443,0.9508588720873512,2.87,0,0.9650367734110548,1.060648,0.3207562247800636
P54178,W120F,2.89,1.0037994602478757,0.6759687233787623,1.8377464798399876,1.2592135588148108,-2.89,0,0.589197505085747,-0.26593876,0.1457811113459105
P54178,W55A,8.93,2.846625398416323,2.2509499924619383,2.6801247733530986,2.3143615098680272,-8.93,0,2.066746024615786,0.3339392,-2.3165574075824606
P54178,W55F,4.25,1.0998810228202012,0.6449046120908086,1.0411365062186897,1.2606647638061266,-4.25,0,0.4823177935784487,-0.23133953,-0.4927634865225374
Q97ZL0,V84D,4.493,2.9054284680631577,2.9484536278022486,3.081833255635209,3.030303177071252,-4.493,0,3.1494363451616447,3.6619005,3.2799294312595944
Q97ZL0,V84P,4.517,2.1243455939699123,1.9515611571072848,2.45701473200121,2.49641115067001,-4.517,0,2.025767946691057,2.4900272,2.232794299729789
Q97ZL0,Y86E,2.103,2.0144160958619075,1.694186391696041,2.063540299914385,1.877045170263837,-2.103,0,2.309893352259152,1.3374276,1.087818781161964
P12376,Y103F,0.012,0.2771845497544455,0.2168864691872332,0.441145787633306,0.964659719049662,-0.012,0,1.4173100346133518,0.45779037,0.0801631112481464
P12376,Y103W,1.233,0.4348356166949892,0.2555716552048662,0.4338550309510213,0.935822591632548,-1.233,0,1.3745164376562249,0.53820366,-0.1981458282464598
P61769,H33F,-0.12,-0.305430573255642,-0.3152207436614186,-0.3300968970241099,0.1231185483935278,0.12,0,-0.0486950892846511,0.40120855,-0.1396357544296954
P61769,H51F,-2.605,-0.1841979512950628,-0.3367810052361392,-0.2506984267483513,0.2855429999821506,2.605,0,0.4236853746357089,0.42129475,0.0996522205961428
P61769,H71F,1.912,0.1577147600604927,0.1221101014292127,0.2347403253436663,0.0479746626337401,-1.912,0,0.4819815620508511,-0.37772286,0.4799708081508235
P61769,H104A,2.629,1.949685030848972,2.106622783983437,1.8809550375521744,2.375297835548469,-2.629,0,2.255488137690401,1.0052272,0.6417769036061698
P02417,A22G,0.32,0.3271006404759117,0.2111053553997525,0.6091737666212426,0.5046424883640834,-0.32,0,0.6914997884968956,0.7113941,0.6455736668271129
P02417,A26G,1.79,1.3339547521049406,0.5766881484763854,1.3785239839700256,1.0564704647288738,-1.79,0,1.5490782843493347,0.9367536,0.6444338562718214
P02417,A36G,1.55,1.291656578288645,0.6193739536489027,1.3611149524416422,0.8331119309415076,-1.55,0,1.508536925907733,0.13947652,0.4842294801439329
P02417,A39G,1.59,1.1212585156940813,0.5108771027090866,1.3913021095022462,1.041153070488643,-1.59,0,1.379472224809759,0.80557233,0.5755942498921244
P02417,A42G,0.33,0.6981473583468752,0.3226512907177506,0.6018432354935654,0.212369963254482,-0.33,0,0.7892008826698799,0.25364536,0.419380426603089
P02417,A46G,0.55,0.8760576751922271,0.4169784482534689,0.7254887859750708,0.5291542808972892,-0.55,0,0.6195397526767452,-0.02042766,0.7280867125117587
P02417,A49G,0.22,0.7768766769913837,0.4987595711353946,0.7397790044409731,0.405823335980962,-0.22,0,0.1702281594926153,-0.41909438,0.1623296440216567
P02417,D23A,0.03,0.1299009492977222,0.1161175629597737,0.1355328285168317,0.5258719360933609,-0.03,0,-0.2062452576855312,-0.056171298,-0.240967880725544
P02417,D23N,0.79,0.2201381611223375,0.0736042911355219,0.1987935283185473,0.594220904695596,-0.79,0,0.2319884669440245,0.20604315,0.236116127938429
P02417,D8A,1.3,0.9533460550237371,0.4740958818029995,1.5867895247297834,0.4723275218843407,-1.3,0,0.4964545040097574,0.5914428,0.303968112649889
P02417,D8N,0.38,0.2772724151372549,0.0923061407477777,0.3161982693711324,0.4531359943632131,-0.38,0,0.3234983577697695,0.35156476,0.3131925126202854
P02417,E17A,1.69,0.6855576617012542,0.5134204590089362,0.8782743212442498,0.8761791046277956,-1.69,0,0.517830648908795,-0.09228589,0.0293463898338656
P02417,E17Q,0.33,0.239479135766821,0.1457675439397941,0.2019246053163153,0.7644768566449921,-0.33,0,0.6813168193034197,-0.11251472,0.2816650861662109
P02417,E38A,0.41,0.1925616935322441,0.1685288819271608,0.4479084566390619,0.2916357351358612,-0.41,0,0.2954742171042216,-0.5280533,-0.1871347727513141
P02417,E38Q,0.68,0.2174198289035768,0.1462756708367344,0.2058759093619257,0.3819317504644773,-0.68,0,0.5232663342503439,0.4005533,0.3176284139111344
P02417,E48Q,-0.07,0.1868933795223864,0.1062900004923913,0.0941266475865408,0.2430185633456759,0.07,0,-0.0051440842712141,-0.04401502,0.1775565183469035
P02417,F31A,2.84,2.425299902000841,1.9663933800619948,2.3941333063465318,2.14419916338385,-2.84,0,2.3991707827251973,2.142087,2.0742187862278727
P02417,F5L,1.15,0.3188768222974857,0.1998363049110579,0.1224221628793359,1.3136024186632664,-1.15,0,1.72149038361806,1.3189106,0.9803001453087342
P02417,G24A,-0.02,0.3743214765628186,0.2280433686394411,0.0757340290594639,0.4903716187353669,0.02,0,-0.0323336813881863,-0.29677188,-0.0127426915214715
P02417,G34A,1.02,1.0787983479401022,0.5964009027792321,0.8959619593986711,0.7429310765606266,-1.02,0,0.9431999905428038,0.30423617,0.3686289441937808
P02417,I18A,2.05,0.9149755392563008,0.8350075192853816,1.0691528985928376,1.449612732662605,-2.05,0,0.7985843613939954,0.8398683,0.4849921857568449
P02417,I18V,0.07,-0.0911845833249453,-0.0228781058040459,0.0132119661698415,1.077357762365299,-0.07,0,0.2007113623691734,0.3135903,0.2527220896340981
P02417,I37A,1.28,1.390024345480643,0.9821767026374268,1.1372721338286589,1.031160742667656,-1.28,0,1.4605481250306271,0.9608608,0.5482436421083545
P02417,I37V,-0.09,0.1220423978704249,0.1394445350430862,0.1365554603216336,0.7543561831726727,0.09,0,0.7823439523733582,0.7706511,0.192583251675647
P02417,I4V,0.59,0.9200539017913948,0.7227692165039599,1.235092159771661,1.620208844127281,-0.59,1,0.6407800422521548,0.56189406,1.1168190036974737
P02417,K10E,-0.13,-0.1335751756515201,-0.1773157202108671,-0.0398000614738557,0.0588071450909568,0.13,0,0.1172590137034136,-0.372478,0.1577354207451583
P02417,K10M,-0.47,-0.0410621575134705,-0.1019430439766074,0.0189472824115428,-0.0530703773978692,0.47,0,0.1407763118314507,0.117161855,-0.0183288963626122
P02417,K12A,-0.61,-0.2980279533877342,-0.4618011351116298,-0.4471837158482884,-0.2348522877300131,0.61,0,0.0921457219190721,-0.5062759,-0.2178709034947204
P02417,K12G,-0.03,0.3553427300983645,-0.098324180022087,0.2285662845284051,0.0189610787424098,0.03,0,0.3566124141294071,0.32920337,0.4273253457817426
P02417,K12M,-1.8,-0.2713077622574782,-0.3974277985185764,-0.512150572945159,-0.3562000822499278,1.8,0,-0.0788684582757703,-0.4586866,0.0377841335918077
P02417,K14A,0.73,0.4766444240337605,0.3052785283016191,0.7713026134093294,0.4455101407187859,-0.73,0,0.1497542809604487,-0.13725556,-0.0479170520703552
P02417,K14G,1.3,0.9968892441971944,0.5853634168406086,1.286838128881804,0.5825987322605002,-1.3,0,0.7355506065840541,0.5720857,0.4585297163796334
P02417,K14M,0.34,0.3666051914447775,0.2348372955218833,0.3666513380852173,0.2471710006857216,-0.34,0,-0.0286352042963282,-0.37064266,-0.2932254286148716
P02417,K15G,1.74,0.8359565756003677,0.6594571252406783,1.2967500122846218,0.6807049440301264,-1.74,0,0.7301817194628457,0.40572652,0.5919555836711692
P02417,K15M,0.44,0.3099210818660091,0.1070577515872728,0.255236285914035,0.270329211810381,-0.44,0,0.2247978133632091,0.55234617,0.2345739603220694
P02417,K7M,-0.21,0.3835027906422795,0.199833699438361,0.3879599117349602,0.3273662625948055,0.21,0,0.5166021952004801,0.7322171,0.5521690278772836
P02417,L30A,2.76,2.527446464279598,1.9920579565505927,2.717909649546212,1.496301313357278,-2.76,1,2.3171180742675364,1.4751378,1.803321008157189
P02417,L35A,1.21,1.2727306002040168,0.8418486068984417,1.0134391668913705,0.6287144252563157,-1.21,0,1.3201621410793574,1.3481141,0.8630736641484752
P02417,L44A,1.73,1.6993574789392294,1.2319853304723605,1.8606012950373725,1.047263492874871,-1.73,0,0.5811099069424989,0.6962641,0.979915106969076
P02417,L47A,0.84,0.9371128088690416,0.875036225461294,0.706317566721643,0.9586478451146678,-0.84,0,0.7872527723630043,-0.039627373,0.4984416756266699
P02417,L6A,3.1,1.7741988498153511,1.1567722048426652,1.8128676491944744,1.238014369199279,-3.1,1,1.0741459719289552,1.1091262,0.6751290266023118
P02417,M1A,1.46,1.026572129124623,1.0447973751609825,1.501856478964423,1.1599558334619575,-1.46,1,1.079928376512975,0.6088732,0.6143079902264952
P02417,T40S,0.8,0.5821617999695735,0.4306858674208399,0.5622738032194328,0.2884797436947764,-0.8,0,0.6344248878938982,0.12446223,0.7574430958553222
P02417,V21A,2.33,1.2566089715257769,1.0298354545584338,1.64692249897158,1.4598297307564687,-2.33,1,1.7255022540412064,0.61736476,0.2305293387829935
P02417,V3A,2.55,1.4425616543322763,1.2710954394145582,1.6477652978435688,1.2980179502461655,-2.55,1,2.247564959762933,0.6987518,0.3750410687655618
P02417,V9A,1.81,1.9825626280173985,1.376571427321728,2.0223753457016604,1.2401053129527448,-1.81,0,1.752928674433936,1.3219215,1.3259976431333822
P22505,C170A,-2.997,0.2788499695926317,0.2217097497080817,0.4972665925195134,0.7532530736019704,2.997,0,-0.1718118260343866,-0.53763807,-1.0815965724676748
P22505,C170Q,-2.5810000000000004,0.5085298729848391,0.1446963617732275,0.8299938706000175,0.7401037384705973,2.5810000000000004,0,0.0521040200955332,0.41648686,0.3204923653994039
P22505,E157D,2.075,-0.1107115710933247,-0.0838291227137198,-0.078082409756908,0.6367592421535204,-2.075,0,0.1306229629508786,0.20674725,0.4488462502750668
P22505,E167A,-4.247,0.7688466189419695,0.526205308017542,1.3375432044363789,0.9074761875174838,4.247,0,-0.0501701214163745,-0.45985162,0.3068920204603141
P22505,E225A,4.36,0.7421602569774424,0.4844600255749428,0.5709104650688924,1.1138653510289376,-4.36,0,0.4105201821971057,-0.12683381,-1.0917317628069003
P22505,E225H,1.515,0.4125042156927216,0.2104154294709323,0.3406844981043748,1.1294617380221958,-1.515,0,0.3267251355159648,0.932842,0.5160072133889759
P22505,E409A,-0.825,0.3063416988392042,0.2423806786249439,0.3771374322370816,1.0221589160228977,0.825,0,-0.760257119587346,-0.7748951,-0.539803976648901
P22505,E409D,0.909,0.7927137302950553,0.7588242228044251,0.5927692715031853,1.3444382654209543,-0.909,0,-0.1467705796719267,0.4636209,0.2890761896675496
P22505,E426S,-0.87,-0.0511883964629624,-0.0640123862941619,-0.0341998357447135,0.6822907304959691,0.87,0,-0.1661938777059549,0.16699399,0.1956704514322432
P22505,F418A,0.165,2.647488320620244,1.8609657937296415,2.3296428979578545,1.7570461453654702,-0.165,0,-0.0793397828351284,0.07457164,-0.0985223256755831
P22505,H104R,-1.536,-0.177750880108741,-0.1517178558732477,0.0180498010062587,0.3495152525497749,1.536,0,-0.4149559233138201,0.28558072,0.0639908346438839
P22505,I247E,-1.241,1.7056123921087485,1.3639539247673578,1.5038026608005226,1.9848224098185987,1.241,0,1.3096535188488072,0.7611797,-0.052995535453228
P22505,I247N,-0.974,2.0003400283798505,1.446003956986487,1.4920507124645048,1.6542816411524928,0.974,0,0.9762128948868553,0.97586864,0.0759011845015039
P22505,L174A,0.79,2.076258404775591,1.3920707852844043,2.19243953132749,0.9786164342040444,-0.79,0,0.977890343111994,0.168853,0.0966157638431071
P22505,L174R,-0.336,1.6151253119007905,1.095417910343547,1.621201397598086,0.8889474427594222,0.336,0,0.6091053731558117,0.46076018,1.3573578395672228
P22505,M224A,4.098,1.856227844409416,1.4082126506619257,2.0399276762581136,1.561136814226482,-4.098,0,0.9892976048673866,1.3679878,-0.2426388812591991
P22505,M326A,1.298,2.0259020333082565,1.3819762803970703,1.7474707392476732,1.521898030686323,-1.298,0,0.1482420209987155,-0.14282598,-0.3646041800219833
P22505,N166A,3.397,0.544560119142387,0.5649461183123639,0.7605954105512222,1.0472389411560594,-3.397,0,0.0591649691031583,-1.0908203,-0.997678598727899
P22505,N166C,2.964,-0.0542858306544769,0.0848098554043428,0.0583624910311245,0.9180555769419998,-2.964,0,-0.7074056156000514,-1.2180103,-0.0877658128590363
P22505,N223A,0.6709999999999999,0.2400647831057608,0.2719102986284014,0.5593256688045465,0.6591540159902877,-0.6709999999999999,0,-0.1987338971514529,-1.226444,-1.5927966808912608
P22505,N223G,-3.462,0.6320644491409746,0.3308534041997523,0.678118117091656,0.5806581738605703,3.462,0,0.2059537899983946,-0.8207605,-0.8045093197105194
P22505,N223H,-2.583,-0.027871648414068,0.0086774309075359,0.1105708589124654,0.6480853242146378,2.583,0,-0.525740741695885,-0.9208008,-0.2050846116701692
P22505,N223R,-3.976,0.234838007064439,0.2091515408945848,0.358739048295536,0.7254551703386964,3.976,0,-0.4091211972779882,-0.88071644,-0.1631568728436561
P22505,N223Y,-5.73,-0.3431820652212535,-0.365045462290771,-0.3548722401516931,0.2903381538218836,5.73,0,-0.9568327010533147,-1.2182398,-0.3202576441579859
P22505,N296A,2.25,1.3303747659520022,0.6475196412192155,1.3472394921435542,0.9239982777680122,-2.25,0,-0.4042188450559061,-0.9369205,0.185359729883182
P22505,N296C,0.017,1.0287021702872423,0.3752631877113153,1.0043775390319711,1.051246981576177,-0.017,0,-0.6790305799451883,-0.6621229,0.7659920499600095
P22505,N407A,-0.464,0.6283473154912917,0.6182980966715924,0.4964815395896889,1.4596242334732306,0.464,0,-0.5492708395959127,-0.56676257,-0.6339395635104431
P22505,N407C,-0.143,-0.0166034639393607,0.1808890051612192,0.0865060720023325,1.4586554004928562,0.143,0,-0.5947824464544875,-0.06804751,0.2846007691029021
P22505,Q22S,0.209,1.1262985286793323,0.7607946318823121,1.379851238031952,1.55573621846334,-0.209,0,-0.8260958290732563,-0.3156833,-0.1634946868871473
P22505,R243A,0.166,0.6834955988390415,0.7014173256945413,0.6154368633918191,1.7247801213591836,-0.166,0,-0.4221418574431239,-0.48471636,-1.3124647273622498
P22505,R243D,-0.213,1.4344967788127418,1.1129826190097942,1.1563168357634812,1.7820590333342494,0.213,0,0.0126352212009099,0.34516215,-0.3990847696540347
P22505,R243K,1.463,0.1112503406024341,0.1208687727847686,0.0693762431991791,1.6151899890631836,-1.463,0,-0.3146053947288365,0.18449338,-0.1766830018217705
P22505,S17A,1.246,0.1203847482746181,0.0540798983632947,-0.1417332267035419,0.9961094879279756,-1.246,0,-0.4837009415365534,-0.47765028,-0.1113962049368103
P22505,S19A,-0.951,0.2190854349618517,0.223091820405769,0.1466409788567685,0.9626221509551522,0.951,0,-0.565482192268838,-0.551379,0.2725880987519631
P22505,S334A,1.454,-0.1730680524951255,-0.0055368750310044,0.0126212535307039,0.9259370906499416,-1.454,0,-0.8412010769224936,-0.6507604,0.0667781253325525
P22505,S403A,-0.92,0.1418975457956305,0.1251231018851841,0.1776132184806916,1.1076685486793705,0.92,0,0.4767456431237256,-0.106923565,-0.2106336822011232
P22505,T18A,0.994,1.3338884837707838,1.176937980540849,1.566100403881401,1.4687999911562946,-0.994,0,0.0508388933036492,0.36691418,-0.0633705500910477
P22505,T221A,-3.189,0.1235795367050022,0.2428269879224465,0.6751318720749963,0.6851660783344427,3.189,0,0.9677996505136904,-0.20467107,-0.7976861452094596
P22505,T355A,2.9610000000000003,1.5133195740483898,1.304341733961995,1.4825518618863534,1.2946873109982122,-2.9610000000000003,0,0.3258178638970112,-0.1870469,-0.2643141168443914
P22505,W123F,-2.19,0.2337493653945518,0.0016029581993151,0.280331086900662,1.1084156242892536,2.19,0,-0.531342543993466,0.78926045,-0.4491364039014298
P22505,W123H,-1.06,1.739134899624948,1.0649672602416116,1.5709840671799495,1.486595829585441,1.06,0,-0.3261451024614472,0.5962241,-0.150064861272834
P22505,W328A,1.159,2.426742150885512,1.7665443437511972,1.97103599410461,1.6538253813200114,-1.159,0,0.8059323546860703,-0.33302653,0.4320550026759834
P22505,W328C,2.664,1.654730094136821,1.3358215558262696,1.471670004230749,1.679201134454851,-2.664,0,0.2123994623363037,0.033334002,0.5019630564028755
P22505,W328H,2.573,2.0392198022118717,1.3473143476516796,1.5619334603201087,1.5330147767665463,-2.573,0,0.3765220314780436,-0.22053762,0.0579721930077134
P22505,W328R,0.95,2.4888468524601546,1.6531993197318051,1.8743502036676951,1.3659631568351511,-0.95,0,0.6490499585582561,0.15859236,0.2962813587999832
P22505,W402C,0.36,2.232802407865893,1.944798068106804,2.75752702106413,2.2533648992951925,-0.36,0,0.3003443531020037,0.3350712,0.3669987605580047
P22505,W402R,-2.615,2.1023362812490283,1.7381214175016786,2.4140456443423326,1.9694975929649745,2.615,0,0.3087196907949995,0.23251778,0.7036075079074836
P22505,W412Y,-0.599,0.1925005899952144,0.1066315052482776,0.0392038630106667,0.5319458848267478,0.599,0,-0.5407230818263575,0.31538492,0.95081123470787
P22505,Y21A,3.443,2.368226253247923,1.7863885895306122,2.019632597790188,1.4267457916022188,-3.443,0,0.2837140715923882,0.39346606,-0.245783815664921
P22505,Y297A,-1.072,1.77646716537439,1.3580919969387135,1.6176924190464614,1.027647592479132,1.072,0,0.9615942898010824,0.9344505,-0.218921334858079
P22505,Y297F,1.853,-0.2064589972832009,-0.1904180026414716,-0.118684867875923,0.4810244741752387,-1.853,0,-0.3216782281866719,0.5136603,0.0144226482110175
Q06525,C264D,2.54,2.562288181679693,1.767784286948757,1.9558527126150715,2.438133111001364,-2.54,0,2.239345088608172,2.556709,2.6127720272613715
Q06525,C264S,0.71,1.0771771739997908,0.5720586956131154,0.783164997642255,1.8947135003679496,-0.71,0,0.5086093492226678,-0.3954265,0.1940733014557046
Q06525,R225A,1.75,0.9715228786297552,0.6891972406136608,0.9203668073733088,1.461308057446507,-1.75,0,0.913068471015658,0.25682753,-0.1205182880958222
Q03689,D288A,-1.2,0.2119448300381849,-0.0717064984314162,0.1330220898813058,0.8025225837502985,1.2,0,0.7161238280196385,0.05733876,0.0547474929588958
Q03689,E272A,-1.9,0.4443614274484959,0.182713585135734,0.3145353984904096,0.9443808227689658,1.9,0,0.6127439145571072,-0.18035643,0.2891432371695558
Q03689,G278A,0.8,1.929121409926457,1.1223892463652954,1.614521380094573,1.327935855806396,-0.8,0,1.7596245125063443,1.4700328,1.48266532215364
Q03689,K229A,-1.5,0.2004039819266357,-0.0218437702902812,0.3256848554365429,0.6561412090227259,1.5,0,0.5487043162349358,0.12451203,0.2400064259031425
Q03689,L241A,-1.0,1.555956444568228,1.1357874145857458,0.8139773162252764,1.165447523585163,1.0,0,0.3027032335126822,-0.21065299,-0.1374989241161457
Q03689,S273A,-1.4,-0.07930286472708,0.0290219004592035,0.0689493957678401,0.7840612324944608,1.4,0,0.2698639446378655,0.20031874,0.5730530756281103
Q03689,V239A,-1.0,1.1948316145665323,0.7530974786674888,1.019394197379259,1.2336811490764217,1.0,0,1.365093662614724,0.65974045,0.3891471291440848
Q03689,V264A,-1.0,0.272615898964269,0.2506259320165332,0.1682814202042434,0.7431252330880497,1.0,0,0.33275628340789,0.1523525,0.0151733822011443
Q03689,V267A,-0.2,0.7664627966565317,0.5498236682059512,0.93908064418688,1.0102151929820091,0.2,0,0.409978683414742,0.2955032,0.0380293598354518
P81662,D9A,-1.26,0.4558949425739161,0.3951039220995901,0.3874705761952287,0.2904588700765518,1.26,0,0.8360618331067234,-0.39023453,0.6314615245700353
P81662,E2A,0.23,-0.0442781174556684,-0.1556631382853256,-0.2060415493737416,0.125190168146603,-0.23,0,0.6082614882198265,-0.2317871,-0.1670190615200368
P26747,D302A,4.0,2.06351109296991,1.8256756309422648,1.964208853814909,1.1995976719087715,-4.0,0,1.4937560087783526,1.2722118,1.0592177344741116
P26747,H305A,2.0,1.578747932196089,0.7308392139138432,1.6667718581314763,0.5671757719970681,-2.0,0,1.2247422449092942,0.34241605,0.296891423212396
O34627,A33Y,-0.5,0.188746165082126,0.4119740876025012,0.595089203312669,0.8571671345843221,0.5,0,-0.4455425006625982,0.05430591,-0.1179399609577425
O34627,A81M,0.4,1.5259454494356417,1.121999800816922,1.0712881966450425,1.1035797287137703,-0.4,0,0.313266002026917,0.95700693,1.4789296468039168
O34627,D109E,-0.3,0.2952377329286136,0.0322942752862569,0.3420717162822321,0.9135058701904276,0.3,0,0.4141521038295745,-0.11730595,0.0892058169975973
O34627,H22K,-0.3,-0.0202382293284716,0.3259610590932616,0.2636075908894906,0.809955777375567,0.3,0,0.077409431105772,0.27602333,0.1354232792251945
O34627,H22W,-1.2,-0.190506286078144,-0.1568229113318529,-0.0835208251022183,0.6073446399721367,1.2,0,0.0779144247023848,0.2629313,0.0405841536557467
O34627,M111F,-2.9,-0.0191509736121344,0.073998296863595,0.6489088266350762,0.8960722095322557,2.9,0,0.1935378383234206,0.10452829,0.1673085151535283
O34627,N107F,-0.9,0.0770966302973999,-0.2508641180326914,-0.1631472413680811,0.4483724801302927,0.9,0,0.0930976316444127,-0.25410306,0.0650350928578573
O34627,N107Y,-0.8,0.1177306749974957,-0.1129124500930245,-0.1345717100044487,0.4684088049640547,0.8,0,-0.0396997241470936,-0.3423549,0.0570327572920249
O34627,N124F,-1.1,-0.3231140107399398,-0.2980840640182199,-0.0914665058938532,0.6086142387822671,1.1,0,0.0261101932593617,0.03416343,0.2838139208617415
O34627,N124Y,-2.6,-0.1452800025736854,-0.1300925282880092,0.0337236514733043,0.6995674286120159,2.6,0,-0.1673367150914445,-0.023301944,0.1807086993955389
O34627,T30M,-0.5,0.93345490191845,0.4857091438967538,1.2178020208023106,1.3223649133483055,0.5,0,0.2486220616289115,-0.34420073,-0.1874166278808821
O34627,T50M,0.5,2.2516275663656597,1.3997529645665403,2.2270314541121468,1.861171889467984,-0.5,0,1.087399372747895,0.83017576,0.8045764724451306
O34627,T54Y,-0.2,-0.1557295338128804,-0.1067865318672324,0.1639022651332588,0.6937208133960973,0.2,0,0.1717740961449078,0.19579576,0.8984378457161531
O34627,V120I,-1.4,-0.0610907372106449,-0.0403171050376024,0.12048629679395,0.984761861605919,1.4,0,0.4650388602976434,-0.32566106,-0.2222365565339402
O34627,V25I,-0.4,-0.1828509958180572,-0.1100748754806612,0.018344765531054,0.7021281926703692,0.4,0,0.050629091443674,0.086979866,-0.1125080125692113
O34627,V88L,0.2,0.9288224133870896,0.5469343793155063,0.6439702418316358,1.1874836659488066,-0.2,0,1.0001373984306534,0.48541355,0.5086479283693444
O34627,V90I,0.7,0.5560841899429821,0.3348886485676682,0.5070226815069627,1.1841221484727746,-0.7,0,0.4814434675979154,0.7086872,0.4301245152054754
Q53291,A45G,2.43,1.1757622363303812,0.7028335001849086,1.3999165623973866,2.7680681221924446,-2.43,0,2.65701142311174,0.90427196,0.7723398199528159
Q53291,A50P,-0.1,0.985293965866368,0.7352571661461946,0.9590280587496866,2.368796769965509,0.1,0,0.7329314074084075,0.18846379,0.2990453559567763
Q53291,A50V,0.83,0.6826345839552544,0.5204263386818749,0.909279865484326,2.368272455947015,-0.83,0,0.4386844836770404,0.49602997,0.0888136644217379
Q53291,A57G,2.17,0.9997057201463336,0.172761042456104,1.1047976723617243,2.296534485142586,-2.17,0,1.36260594534784,0.5853032,0.4027187379687243
Q53291,A57V,-1.47,0.1835037308201332,0.2071460169134886,0.2094563027082041,2.124903235693608,1.47,0,-0.0448263686781931,-0.16159318,-0.16295001642501
Q53291,A66G,2.54,1.7251213704959316,0.9482405215285332,1.8830856269096623,2.4639027836062466,-2.54,0,1.5692360986877336,0.5491808,0.5142903613486943
Q53291,A70G,3.1,1.2530530232564208,0.6254896862430205,1.378286436262714,2.705499396177749,-3.1,0,1.9698977011157228,0.81891996,0.6782962362991275
Q53291,A72G,1.32,0.5068567731474577,0.1025959946022535,0.5464589977610402,2.1911305192045787,-1.32,0,0.9280422455814318,0.10573499,0.2567273202316028
Q53291,A74G,3.12,1.605900235725252,0.7920222270176744,1.5390354729383948,2.855813969594645,-3.12,0,2.2399416427864014,0.7191925,0.5193081782371988
Q53291,A89G,0.49,0.7723274721087984,0.2553473627236452,0.7761726492127051,1.7728544810122853,-0.49,0,0.5791288662567236,0.54176843,0.5866716745516194
Q53291,D75A,1.21,0.4437038564731734,0.2312553235503276,0.6040945474675431,1.760452768910196,-1.21,0,0.0957447283104624,-0.28215462,-0.1150447580308702
Q53291,D75G,2.14,0.7434613180688152,0.081683669958928,0.7719906652822838,1.7121930356632111,-2.14,0,0.8908134060467311,0.23757572,0.169081364367266
Q53291,D87A,0.2,0.2122025381597753,0.0839082274103143,0.2185899018657613,1.5072178580106377,-0.2,0,-0.1628019379868954,-0.6881727,-0.0308656796134797
Q53291,E58A,0.59,0.4124571034482039,-0.0361637839772181,0.2595049155503701,1.595668720237266,-0.59,0,0.4654550654464577,0.18283503,0.3205521400725261
Q53291,E69G,1.19,0.6071174097174921,0.1684915566793673,0.7291793002202601,1.819469672105262,-1.19,0,1.2204730392824048,-0.18382408,-0.1107113527804879
Q53291,E69I,1.08,0.0895709255301188,-0.433688455036043,0.2587685839620217,1.5703501151356034,-1.08,0,0.0831295950542175,-0.42472845,-0.3253923165647013
Q53291,E83A,0.23,0.2918829921416849,0.3053408237716121,0.429180849010097,1.682499781861114,-0.23,0,0.4576642374310279,0.3949718,0.0666230149936176
Q53291,F49A,3.12,2.7395194640495357,1.6923395521210605,2.636582834359081,3.411418019981242,-3.12,0,2.4043383463028363,2.2485096,1.288166571996558
Q53291,F49L,0.68,1.7708890162071906,0.8266548596354613,1.4990904133702818,2.986555023305617,-0.68,0,1.0431362760723597,0.9931996,0.4375752697056453
Q53291,F59A,4.15,2.908782182400241,1.7848189285492304,2.908893969579545,3.222688882498128,-4.15,0,2.6505823813717098,2.1935847,1.6699192542834265
Q53291,F59L,3.12,1.8240069737082036,0.983619813436361,1.9448496340672743,2.7552511424052963,-3.12,0,1.118302362702364,0.91817397,0.3179188199405628
Q53291,F63G,3.08,2.6690182830607068,1.640310388497588,2.3974907566216905,3.492109784449717,-3.08,0,1.5159778372197006,1.5915152,1.0766265187862287
Q53291,F63L,0.38,1.1368028570187303,0.5551799578711301,0.836702575715082,2.981642877160237,-0.38,0,0.7994464370098697,0.3743953,0.2114166793615163
Q53291,F99L,3.34,1.5979248851663954,0.6957638842208217,1.6144599427829291,3.1253043977498978,-3.34,0,1.8509052255789251,1.2607402,0.5588378237518914
Q53291,F99V,3.73,2.71190462142194,1.5694804033707732,3.033139086974699,3.552578949983881,-3.73,0,2.390812182879677,2.3315248,1.830792185493465
Q53291,G52A,1.52,1.1808103001502053,0.7944914023363724,1.416804362044478,1.6335879696137696,-1.52,0,1.393932469758214,0.9647999,0.6767679466137161
Q53291,G52V,2.53,1.7205723792915244,0.9934113305851326,2.099224442660921,1.663069365787892,-2.53,0,1.309019452628584,0.9050741,0.680644836971353
Q53291,G61A,2.08,0.8345731808520428,0.2501312500965655,0.4648714916998084,2.056002283879294,-2.08,0,0.8652013267554581,0.3093623,0.1476706934697999
Q53291,G82A,2.23,1.6803463855270455,1.157909808869486,1.570239394107372,2.3338278274159103,-2.23,0,1.7143860939363325,1.8121296,1.5408556753423075
Q53291,G92A,2.04,0.9647541676284572,0.6682777615108015,0.8028727742880776,2.6239491862753668,-2.04,0,1.0120505569708316,0.86205155,0.3985154550532192
Q53291,I43A,4.9,2.459410147387086,1.6658320658035315,2.646923751253675,3.270021901564357,-4.9,0,3.8093615990134015,2.712702,1.020895641299158
Q53291,I43V,0.56,0.3964914626835182,0.354132352981634,0.2882819090846221,2.825734272054195,-0.56,0,0.9863486558668152,0.38588354,-0.0040259087494893
Q53291,I48A,1.37,0.9592829722461442,0.7088795154094065,1.0106163584642542,2.8736477993762137,-1.37,0,1.4786061277914435,1.0585474,1.3035728653219736
Q53291,I48V,0.47,0.7962252678015751,0.4892859582422824,1.014029161137025,2.793359777298769,-0.47,0,0.6844842770952444,0.88302624,0.8638500738570168
Q53291,I97A,4.72,2.695946980508246,1.846967111432625,2.4377049369285526,3.4907630199414235,-4.72,0,3.413960381057717,1.4713298,0.2354184872665498
Q53291,I97V,1.69,0.6635466454408382,0.4822775300641748,0.549231713057635,3.1475793881291216,-1.69,0,1.6822299969663017,0.9933061,0.607606862767301
Q53291,K44A,0.92,0.5793253440650008,0.1250908543746389,0.9649704828274568,1.8111106151981256,-0.92,0,0.9366283266240828,0.123980805,0.5118544335046016
Q53291,K60A,0.88,0.6357366221407365,0.3287929751670596,0.8789400155093577,1.805474184372081,-0.88,0,-0.0764334172955101,-0.12321563,0.165136036980201
Q53291,K65G,-0.16,0.5831607072468914,0.0212547545563196,0.6785752426702405,1.648570854892452,0.16,0,0.7130462549132616,-0.064618334,-0.1875997015118905
Q53291,K78A,-0.58,0.193390463867898,0.1035749079044368,0.4305932189456957,1.956152216900828,0.58,0,-0.1990868263067413,-1.0471538,-0.7318350839229412
Q53291,K79A,-0.35,0.2672232312683526,0.205537570877337,0.1533901660610289,1.4827184572346734,0.35,0,-0.0092495497578166,-0.41348875,-0.2766105365053265
Q53291,K91A,0.09,0.1670843852576198,0.0007091652668292,0.0993986512907927,1.7289868607858672,-0.09,0,0.2432165447036565,-0.49642766,-0.1610689846902933
Q53291,K98A,0.45,0.4119556113979935,0.2919457220099604,0.6521380964058834,2.177776744809232,-0.45,0,0.0991890882142236,-0.58523846,0.2725659344162359
Q53291,L47A,3.12,2.0942500266934774,1.3123781406826642,2.008870547549483,3.059816905284045,-3.12,0,2.964980616450198,1.4153482,0.7199844013261637
Q53291,L77A,2.44,2.035473908545684,1.4368345734337555,1.89976472554154,2.9839578945788148,-2.44,0,1.9028657258386947,1.1388826,1.3766461167204314
Q53291,L95A,3.77,2.4584403120567937,1.6140736647368663,2.227858906835124,3.418317383546989,-3.77,0,3.254637048652927,1.8461878,1.6058887921231084
Q53291,N46A,1.87,1.3472805144184656,0.7387902215075419,1.476081081306297,2.246538390924096,-1.87,0,0.2683581772788139,-0.54521513,-0.3098366423680608
Q53291,N51A,1.78,1.8682676499952195,1.1931662245979342,1.388329477368393,2.029564399258026,-1.78,0,1.5556736018806772,1.4648117,1.058377109638489
Q53291,N81A,0.34,0.9642695114128734,0.5891945987926677,0.8084411407066575,2.47307810726015,-0.34,0,0.1624144768096908,-0.24732594,0.0911511458384921
Q53291,N96A,1.73,1.5594496275652605,1.0340904035940437,1.7373821111257606,2.4734663591502217,-1.73,0,0.3868969861434801,-0.9022695,0.1890525041499616
Q53291,S53A,0.3,0.178209725575698,0.283192415546709,0.2108263969988616,1.828800765691012,-0.3,0,0.1850232285026395,-0.00774011,0.0657564996676717
Q53291,S68A,-0.41,-0.3104559956894273,-0.061958224257839,-0.2215052979831915,2.1463206650009106,0.41,0,-0.1479365203918871,-0.66362023,-0.1895727647474284
Q53291,S68G,0.82,0.1433685288965354,0.0027436875943973,0.2200025274199731,2.087829349252984,-0.82,0,0.4468720489521043,-0.86923933,-0.3423817719785768
Q53291,T42A,1.63,0.8765170557188027,0.71351812077108,1.1733693074131937,1.9744593625775455,-1.63,0,0.3115936255414353,0.28784066,0.4572242148801914
Q53291,T54A,1.17,0.6126603652382832,0.3590705517319227,0.9497698177779732,1.7959304259970943,-1.17,0,0.4764020074442367,0.17860934,0.4477507253371809
Q53291,T56A,1.11,0.8791158428835633,0.624593313468558,1.0205159378996065,1.9793256760448368,-1.11,0,0.7663566388425156,0.58732605,0.5802132448865911
Q53291,T62A,1.25,0.7447525306824444,0.5664891464610438,0.8304501663459568,2.2577001267485235,-1.25,0,0.7884052640327073,0.17726296,0.48392204192634
Q53291,T67A,1.09,0.7356058461962923,0.4679586643114765,0.9129419578381182,2.717654585061456,-1.09,0,0.9517380708587668,-0.19710673,0.0335622753116182
Q53291,T76G,0.17,0.7230626205444174,0.2970943038545767,0.3402367133106717,2.075922939682844,-0.17,0,0.5607935436443157,0.080571994,-0.0302320013876262
Q53291,T85A,0.97,0.6952788337296141,0.5020754010150629,0.8924885057927743,2.0644632574033857,-0.97,0,0.3022093699110525,0.12552302,0.2991524125330813
Q53291,T94A,1.83,0.877594679077005,0.6958376083601987,1.2539196380048274,2.3127839388017435,-1.83,0,1.0720506161493253,0.81851804,0.625906957243685
Q53291,V41A,1.22,1.135836562825387,0.5577045447647994,1.010647969476293,2.4286357245355794,-1.22,0,0.6722227768661669,-0.114783034,0.0528830196296117
Q53291,V86A,0.92,1.5831081773003255,1.095992002239641,1.6577588120287814,2.922256851254072,-0.92,0,1.2802190838562026,0.5826655,0.1636146734735484
Q53291,V88A,1.14,1.0369894659754737,0.8556407611929682,0.7822535062720641,2.742280365844967,-1.14,0,0.454138565990352,0.2091357,-0.1166849691745444
Q53291,Y71A,2.82,2.186500985752036,1.4947317921025056,2.1047832139814195,3.1442973429616137,-2.82,0,1.0263928087415335,0.42444795,0.344550349208924
Q53291,Y73A,2.46,1.8186856997993237,1.1300194709921123,1.9673700973346768,2.969938584855016,-2.46,0,1.7419512911539006,0.92701614,0.655589866273329
Q53291,Y93A,1.66,1.549117804178802,0.993435797254966,1.3123726456528988,3.0936565892302528,-1.66,0,0.8522877830415396,0.61253786,0.3905972474713347
Q53291,Y93L,-0.43,0.2262647550062388,0.2660870438528286,0.1472849482199814,2.78385467851405,0.43,0,0.1531782621515514,-0.4727372,-0.5087200725130042
O73951,D287A,5.975,0.2922988215037795,0.0917297641683069,0.2492851963352146,0.3835959454375585,-5.975,0,0.0417970335631657,-0.54239464,-0.6939448203390753
O73951,E53A,6.597,1.6621923381005983,1.437501155037716,1.882668140871688,1.2565621791330213,-6.597,0,0.0772225252796455,0.4989072,0.9551374887994486
P40040,D14A,-0.3,-0.0071279747655365,-0.0616093261489095,0.0266881356088709,1.1492910513713046,0.3,0,-0.2474525112769221,-0.654732,0.070341715668646
P40040,D37A,-0.1,0.1376910263622897,0.061694062269714,0.141079118255554,1.80950016289728,0.1,0,0.5207706471803775,-0.7336206,0.1060313972288085
P40040,D38A,2.2,0.8125887939401094,0.7191009171227182,0.8756200156176142,2.152673755186302,-2.2,0,0.3132894688948517,-0.5035663,0.1827577370806988
P40040,D38N,2.6,1.0726504531507703,0.5721679822908747,0.727497972528061,1.8914985667580049,-2.6,0,0.3260595145942558,-0.15434606,0.3388481806980032
P40040,E39Q,0.1,0.1101534577421309,0.0246441222855113,0.0701706383668417,1.4160238702327572,-0.1,0,-0.0071941944046035,-0.41110432,0.0538593965719087
P40040,E40G,0.4,0.1289829092941878,-0.0540477192608967,0.1887493785091128,1.433685792947074,-0.4,0,0.6929876685051216,0.6008392,0.2831757840679564
P40040,I35A,0.9,0.8900121340821048,0.680401380562861,0.8184908381529453,2.054881039907215,-0.9,0,0.9771921567250904,1.0459957,0.796881377312793
P40040,I35V,0.3,0.0862444338005674,0.154149130665348,0.1851314048553992,1.9596782218710709,-0.3,0,0.8313661285298414,0.71159387,0.8065109989452115
P40040,K13A,0.4,0.5943785328172139,0.4406267373734464,0.6782752033652357,1.4865634923999722,-0.4,0,0.1661354767195533,-0.5966164,-0.0892964781115263
P40040,K13G,1.9,1.3174622085261944,0.7841156197739159,1.1703879165961315,1.5760248017858691,-1.9,0,0.9498287407008276,-0.14960955,0.268961826378126
P40040,K18A,0.3,0.0342769456763353,-0.0244020239102374,0.1125018620711529,1.3712084657937555,-0.3,0,0.3311221578244783,-0.15542044,0.0756274110741956
P40040,K27A,0.6,1.1412911492732103,0.7230795643079936,1.3055952402673934,1.3909184984674945,-0.6,0,0.6387665879228843,0.22121266,0.1032081387990139
P40040,L12A,0.5,2.42439619325119,1.7738848340043076,2.246069186084625,2.3237883412378806,-0.5,0,2.6650073897593494,1.876665,1.6290232882333031
P40040,L15A,1.3,1.5061391714013133,1.1242213973528004,1.4614914966424493,2.162661484120156,-1.3,0,1.5991261840275552,1.2117994,0.8935567086095753
P40040,L7A,2.0,1.700745704787328,1.1794637551007032,1.3591865896639552,1.880794904003698,-2.0,0,2.0107900967708945,1.5346581,1.0029989426093988
P40040,Q11A,0.6,0.0660760629369396,0.2175214976869469,0.3769126326314768,1.458744131876117,-0.6,0,0.5467151780866879,0.1133164,0.1697336330854948
P40040,Q11G,2.0,0.9284447855189332,0.5057654087561072,1.0189827736553236,1.5223869699024186,-2.0,0,0.9418962549613082,0.24208687,0.3356668406527424
P40040,Q32A,-0.1,-0.0005412608572691,0.0194471409318548,0.1755010994832227,1.5918848821757905,0.1,0,0.2105541625529478,-0.38261867,-0.4717870272786019
P40040,R33A,0.8,1.1261313624871252,0.975582027701724,1.0531408737433083,2.006214302175098,-0.8,0,0.3466577730894057,-0.893566,-0.3861165710105975
P40040,S22A,0.6,0.0704300355559511,-0.0129783783782818,0.0238834711690726,0.9447353587680708,-0.6,0,0.1252955624733985,0.11474763,-0.207519109899433
P40040,S5A,-0.1,0.1084986362597649,0.0827486920811191,0.0661975474515619,1.183652210325993,0.1,0,0.1357440346959931,0.14219676,-0.22231517948247
P40040,S5G,0.2,0.2224547090025738,0.1058938426053832,0.0360342099043786,1.2230009561987183,-0.2,0,0.5486205875454012,0.30480993,0.050658191133868
P40040,T8S,-0.1,0.1086868156161256,0.0782178718202523,0.2038144102545816,1.0953542876152065,0.1,0,0.4894181571049808,0.36516142,0.2763848492396919
P40040,V9A,0.1,1.427496025569983,0.8917537825961646,1.1098068386933195,1.4318804477033151,-0.1,0,-0.1434876268912279,-0.5421982,-0.2589358923267265
P40040,V9G,0.7,2.156397709087251,1.1623592655422168,1.5039636031435264,1.467223042173989,-0.7,0,0.4433563527180919,0.24989156,-0.068605619325232
P40040,V10A,-0.4,8.455040684174353e-06,0.1874054227890655,-0.0214109905636555,1.181788234218235,0.4,0,-0.3153770175894634,-0.7214478,-0.1219442264526142
P40040,V10G,-0.1,0.4229307114669523,0.2795333889395633,0.1748076622921455,1.195364877013241,0.1,0,0.1316660702015363,0.035282597,-0.1494575113197375
P40040,V23A,0.5,1.0528024627501034,0.6514161096945503,0.6903868049899325,1.5980932311003044,-0.5,0,0.8443463379234699,0.6197308,0.4771446758857587
P40040,Y4F,2.4,0.4382162281097058,0.2786534649637281,0.4024867776298791,2.0561152014388173,-2.4,0,0.89824564803517,0.45209247,0.0434185613346988
P03069,E259Q,0.74,0.2471338102546134,0.1441310515708055,0.1790646091007032,1.3147137147759556,-0.74,0,0.2825786560896349,0.16638848,0.4989932850944301
P03069,E268Q,-0.2,-0.1086156192161069,-0.1133639741735243,-0.1637784085542454,1.3994121694006652,0.2,0,-0.0548599850147759,-0.15200005,0.2481795630021721
P03069,E270Q,1.83,0.6346471372046019,0.2703379036620603,0.3903462359937123,1.0296854220800868,-1.83,0,0.7463814408482183,1.115467,0.5571993155041765
P03069,K263A,0.41,0.0994755705533091,0.0682659061304946,0.2744404476827939,1.3342051294233708,-0.41,0,0.2683408928815559,-0.034367457,0.2965345366002809
P03069,K275A,0.91,0.0732387107338518,0.0231941317023277,0.1160144177028376,0.8647207935870561,-0.91,0,0.3363313121666818,0.042603984,0.1029990012570548
P03069,K276A,0.06,-0.0244592221885365,-0.1444168995955328,0.0009049532566009,0.7115436453513664,-0.06,0,-0.0857723330340102,-0.35847002,-0.2853903263902554
P03069,K256A,0.39,0.1928734070323451,0.123512640506305,0.2272857468944296,1.6449102927868746,-0.39,0,0.4307687043000918,0.78351176,0.3167772319408019
P03069,R273A,1.66,0.2374734224496412,0.341406007319127,0.3124167400021173,1.1837976486042614,-1.66,0,0.7522556151432048,0.8194212,0.2079639614788824
Q9EYL5,E114Q,-1.369,-0.2547750640351074,-0.1823521342488888,-0.2625496067207936,0.2544483267703607,1.369,0,-0.4757104279805292,-0.06362064,-0.0463091073432912
Q9EYL5,T171V,1.137,-0.4041867944248733,-0.4697328128103452,-0.4577116569014711,-0.0162724528349745,-1.137,0,-0.8049516297017945,0.054500893,-0.0628763803036291
O66523,I20V,1.506,0.6595905707116689,0.6342263679705107,0.598810294445595,1.222393082524448,-1.506,0,1.894294021241144,1.3226415,-0.1725688105162122
P51608,D156E,-0.88,0.8693682853214517,0.7234090687603704,0.478303720327011,2.465783890590614,0.88,0,0.7733208944309771,0.8715083,0.3061078115975055
P51608,F155S,-0.43,2.386990100268113,1.9681900888863872,2.1555515271903056,3.312763163238467,0.43,0,2.6135437897851275,2.3472502,2.094686464481698
P51608,L100V,-1.11,1.4471253613680812,0.7790778131469336,1.0459717219153022,2.5984441080593887,1.11,0,1.481387576506588,0.85444534,0.9888158646671396
P51608,P152R,-1.46,1.1242095300753483,0.9290188364285084,1.1817387652025295,2.233722899944371,1.46,0,1.7651131888907907,2.0510314,1.6623130068427143
P51608,R106Q,-0.12,1.5275855061425978,1.372021374693258,1.403783863629677,3.452544869577179,0.12,0,1.8122527478044963,1.32455,1.2774953177092097
P51608,R106W,-0.04,0.9519886236307056,0.5034411863800272,0.9302538508953612,2.8245105696804504,0.04,0,1.34768962366574,0.8494518,0.9909034993536354
P51608,R111G,0.43,0.9474186470173644,0.6832517156229713,1.1879172253997403,2.4336256731795523,-0.43,0,1.2218235732230605,0.44500118,0.3353824976317338
P51608,R133C,-0.37,-0.0142443815538551,0.0252008586603312,0.1784622371199971,1.824223430517323,0.37,0,0.2369856357496997,0.51965976,0.3558541884142515
P51608,R133H,-0.24,0.1540040418580349,0.2297765174712071,0.3075728367258383,1.9432931104232547,0.24,0,0.2793390341414233,0.60452837,0.2575098978008772
P51608,S134C,-1.05,-0.170530393233975,-0.1491006661455459,-0.1017802349195221,1.0859834720134045,1.05,0,0.5953113714659739,0.33606786,0.3317697602425274
P51608,T158A,-0.47,0.7869023235364745,0.7013024735333862,0.7014123133130031,2.060429155029476,0.47,0,0.8202317161040165,0.4194888,0.6984926083955779
P51608,T158M,-0.25,0.8339287212374182,0.3978654595482588,0.5679787346527962,1.8172126136252649,0.25,0,1.1349563181260671,0.6904264,0.6862362004386876
P37957,M165E,-3.02,0.231235928464814,0.1566844166744873,0.1684194718274684,0.3438419567727325,3.02,0,0.0452394109538213,1.049174,0.3571711487709988
P37957,M168P,-3.34,0.012749413461305,0.0176069827246613,-0.1931391219259567,0.1853868722321996,3.34,0,-0.0715260046395308,-0.65309286,0.1113427697162465
P37957,S194P,-2.11,0.3436863357574375,0.1830555509473808,-0.0106837538461326,0.2689550550133437,2.11,0,-0.2024035171699016,-0.23265465,-0.2703562152525642
P0A780,D118A,0.65,0.2334143335554719,0.3334715790271024,0.474386764454675,0.282967648561606,-0.65,0,0.4221289420192731,-0.02129376,0.3511813916232992
P0A780,D118E,0.6,-0.0339031282900478,-0.0490614533085941,-0.0203779484846279,0.1472798783097837,-0.6,0,0.3511208289249835,0.39072043,0.1695297912808146
P0A780,D118K,1.6,0.3004350686089229,0.2683953821416979,0.6334329988452928,0.3291386967245715,-1.6,0,0.171834041491698,-0.08158101,0.1270208226366954
P0A780,D118N,1.34,-0.0222606257247343,-0.0014722197135679,0.1892575938557234,0.0295577905801618,-1.34,0,-0.1253867404166048,-0.20563735,0.0834956335068293
P0A780,D118R,1.41,0.1226564279345946,0.116401199793848,0.5904895290329485,0.3107357147732233,-1.41,0,0.3544355998471001,0.2239836,0.2625194343791363
P11961,A131G,1.7,1.722896052036137,0.8526800583747166,1.9264510459413589,1.794675610702896,-1.7,0,0.8764245294452213,1.1960094,1.300494146423082
P11961,A139G,2.3,1.7152794883379294,0.8101548684695912,1.7631937590853624,1.6861964882126053,-2.3,0,0.8033013840817516,0.1736289,0.1656709594330235
P11961,A165G,0.9,0.6553284437317496,0.1284893231651394,0.4381333711368775,1.373443707092148,-0.9,0,0.5155036593811374,0.21026765,0.0814357575720584
P11961,A168G,0.3,0.7532092223529805,0.2040172465523532,0.5162440573081322,1.2899688433397534,-0.3,0,0.8620130078217862,0.69157696,0.6743571475835879
P11961,D145A,2.1,0.7756658515511511,0.312148833736858,0.6411864005704089,1.3111896485572243,-2.1,0,0.6595413265984512,0.54553986,0.297681431620387
P11961,D145N,0.9,0.499741676048001,0.1797396747045345,0.3453824364406758,1.2214892093896663,-0.9,0,0.5030503157026224,0.3922189,0.1994141134227226
P11961,D162N,2.0,0.9357745819156292,0.4519564247864599,0.7505522660634767,1.5114831737625,-2.0,0,0.3016353856327354,0.07110195,-0.007667453244591
P11961,D164A,2.3,0.9604984652935042,0.5466081143388422,0.904694533621974,1.4953002807869216,-2.3,0,0.9268435593252962,0.4062966,0.2028284024767193
P11961,D164G,3.7,1.6403663484235955,0.6271168818413854,1.3016226604761534,1.4695978092285853,-3.7,0,1.0549255549473786,0.43774688,0.340274355090411
P11961,D164N,1.9,0.4293802478820375,0.1284594471956608,0.2355911996813731,1.4502546064329458,-1.9,0,0.6102884405019054,-0.034416333,-0.143412342400048
P11961,E141A,0.7,0.3867544708156575,0.1932493671221684,0.1666961656641514,1.2246113423971068,-0.7,0,0.5669048479829384,0.61087704,0.8462186190677617
P11961,E141Q,0.4,0.2936823927692474,0.1628365628769791,0.1767695352898395,1.233007001356838,-0.4,0,0.2543999015677384,0.13513018,0.266293300143276
P11961,I130A,0.7,1.066619700893469,0.683453490021031,0.9045419070798864,1.8139658276171933,-0.7,0,0.1313455713197669,0.4035726,-0.105008518499413
P11961,I130G,1.4,1.579197093792899,0.9409924941037716,1.2605516998109834,1.8529571026035967,-1.4,0,0.2675419513653838,0.43554902,0.1779680388209172
P11961,I130V,0.2,0.2524027368658235,0.1521847545558927,0.2196007908798875,1.6976117580869523,-0.2,0,0.1842661788191489,0.6972704,0.1053599092568541
P11961,I146A,2.7,2.0731475590030164,1.1912671727563184,1.982815961150032,1.976265928852464,-2.7,0,1.1771781345450694,1.3507422,0.7492008923093122
P11961,I146V,1.2,0.904071765846276,0.4290889452695842,1.062048414698376,1.8154107921369729,-1.2,0,0.7846679853901537,0.45088947,0.2068714864107431
P11961,I163V,0.5,0.3625214200849823,0.2767619361925796,0.4145246371651964,1.9078911384414128,-0.5,0,0.9755683617008152,0.008185163,-0.0140572750552583
P11961,L159A,2.0,2.0239044891871534,1.162923407260865,1.9594280574771303,1.7592413619007488,-2.0,0,1.0130084605244087,0.23502176,0.2219733329205546
P11961,L159G,1.9,2.0448325643691887,1.0867843727412214,1.8312063576125108,1.7171988619764558,-1.9,0,1.020878057961568,0.011738867,0.2957675234676761
P11961,L159V,0.6,0.5796086543197951,0.3456250730404601,0.3795001187142608,1.666688133282158,-0.6,0,1.1145753776912388,0.35294688,0.0800234253813238
P11961,L167A,1.2,1.3912175227065209,0.823410150311491,1.1924515439485517,1.7937082849612171,-1.2,0,1.278476756055615,0.4702477,0.5814323152039038
P11961,L167V,0.2,0.7553521869956942,0.3823817291481924,0.6886423753624872,1.7467301432117075,-0.2,0,0.8104539180938176,-0.051596418,0.0167504171273921
P11961,V129A,0.7,1.3776879807234124,0.8172837858956065,1.2266776160343285,1.8040131448215384,-0.7,0,0.0751405692459857,0.02672626,-0.1814968760205569
P11961,V129G,1.0,2.0929581590863835,1.3986007749153824,1.779290372279588,1.8518920068624376,-1.0,0,0.6855334116619589,0.78543967,0.3886023779877538
P11961,V135A,1.5,1.4733152780314789,0.9500803755059436,1.8693042181917825,1.617385336077063,-1.5,0,1.4401461725939635,1.0024465,1.276635382141447
P11961,V144A,2.0,1.1982894703006255,0.8753401983125059,1.635219487318928,1.8009109116564346,-2.0,0,1.4192648643887102,1.3437521,0.9517333026096928
P11961,V149A,2.8,2.3260445252731903,1.2823817204162684,2.242101711907747,2.124225031971544,-2.8,0,2.321466377701942,2.0801752,2.212353397041233
P11961,V149G,4.1,2.5652920483100514,1.6640819242890943,2.496847035485574,2.3160679939746096,-4.1,0,2.7051083537207585,3.6314418,3.279107890868361
P11961,V158A,3.2,2.187945165131537,1.2931875320545727,2.296043676107028,2.127556962599706,-3.2,0,2.20710753512328,1.0708951,0.8384446566153195
P11961,Y138F,2.0,0.3813398434920283,0.1985251856576514,0.4216468090416782,1.5392935132815848,-2.0,0,1.334684141175695,0.9917687,0.8766184021106561
P00441,H47R,-0.8,1.5720817906190176,1.552405183389371,1.5751728089178354,2.518155636597598,0.8,0,0.9580814237074192,1.2844468,0.7731256964835235
P0A6R3,P61A,0.5,0.7698951402544797,0.4980663690392209,0.713698398917644,1.0222871474654895,-0.5,0,-0.548155388916163,-0.7152667,-0.5681436780113317
Q15562,Y442H,3.23,1.632870148179914,1.1942382694902771,1.416549231290054,2.0265113033275086,-3.23,0,0.8568356310102379,1.0246218,0.7449657230871799
P02882,R39G,-1.194,0.912057735825708,0.9559312062953478,0.6844274749404804,1.0907802875616348,1.194,0,0.5885593394803679,-0.20650811,0.1840929178525473
P02882,W3C,2.866,0.5504538910638551,0.3873286051408576,0.2257983985567626,1.1655653367661023,-2.866,0,-0.1058203776381359,0.6278903,0.1703622715842788
Q8XDZ4,F138I,1.81,1.944571292624296,1.23056964574505,1.469256448114749,2.2409151526443667,-1.81,0,1.3249443881192438,0.8879889,0.6083265343920037
Q8XDZ4,F138L,1.64,0.9977462681708328,0.6616806573585995,0.7295635239312952,2.147482823041682,-1.64,0,1.2358567411389316,0.61881626,0.1675644629169926
Q8XDZ4,H119L,0.58,0.0221167291418349,0.0838912125491152,0.0533438424925715,1.0383148339145063,-0.58,0,0.6849582041464075,-0.009592995,-0.1843778592009052
Q8XDZ4,L55P,3.25,1.8796473979660688,1.7016822142162238,1.625116097572993,1.7899417501087296,-3.25,0,1.0813949509337974,0.13139014,0.6419359392887249
Q8XDZ4,Q123L,2.0,-0.5291588487883272,-0.6212370544200129,-0.5900061648015653,0.3862935425908184,-2.0,0,0.301558443134419,-0.6180966,-0.5859872502367328
Q8XDZ4,Q72L,0.05,-0.5732610849031385,-0.4381525972149173,-0.5600610724981074,0.4829925830842102,-0.05,0,0.7152393061788066,0.35682684,-0.1354222642921541
Q16595,D122Y,1.3,1.3414998628796675,0.7226473141759606,1.5134582606241314,0.8046376159482487,-1.3,0,0.9391702471174737,0.69817674,0.929921063097442
Q16595,G130V,2.5,2.605848547328067,2.0694572727198035,2.0539940164933377,1.644911143744462,-2.5,0,1.920655830161384,1.1612629,1.5330687052058931
Q16595,I154F,-0.096,1.2946557103706238,0.8211410491449712,1.7061673284112966,2.01453428284353,0.096,0,2.40669080934818,2.484284,0.5229863612771041
Q16595,W155R,0.693,1.7047308953385567,1.0250202345614008,1.625164741776714,1.7615817418187454,-0.693,0,1.5715045305820403,0.68288004,0.2793545962523744
A2IC68,Y146A,-0.89,0.7164851830185746,0.4263966371003169,0.4299389487195869,0.3857854075146464,0.89,0,0.2813468443633179,0.13481675,0.4699712040340915
A2IC68,Y57A,1.435,0.4199450159214916,0.3386385211648931,0.4274835324476084,0.5547610369753246,-1.435,0,0.5240978205260084,0.05593407,-0.2003570378367774
P56552,A19D,0.24,-0.0044833816444782,0.0295441715756846,0.0260096244235944,0.080831878554037,-0.24,0,0.2323651999628246,0.5523676,0.2562802036074355
P56552,A19G,-0.06,0.0249538166891582,0.0607480487443682,-0.0210590327625818,-0.0628025583282611,0.06,0,0.1310849705309913,0.32249534,0.0809750565655699
P56552,A19K,0.46,0.0060630243309888,0.0124631071376896,0.0948310494610244,0.003252865045403,-0.46,0,0.0228542730585058,0.4985819,0.1496481083202397
P04080,H75W,-0.574,0.13414124913786,0.0321440336596285,0.0714272943786843,0.2670851536687555,0.574,0,0.1656241046567056,0.19510545,-0.2227942698095859
P04080,P36G,1.362,0.5452128147011628,0.4015596675248232,0.451167784573652,0.2928429428153781,-1.362,0,0.9471926360044112,0.48145902,0.8562505612164423
P04080,P79S,-1.745,0.6861401821784501,0.6072311530933703,0.6954573085508146,0.4651845973578419,1.745,0,0.4393093491941729,0.47551596,0.6203449982931348
Q9GZQ8,K49A,-0.1,0.3339891903643971,0.2405124158120623,0.0926686310935476,0.1685504292293556,0.1,0,0.3473698181312462,-0.026572078,0.1005287889928207
Q9GZQ8,K51A,2.07,0.5055623198907757,0.2935523758074349,0.5396843840909291,0.631954443450763,-2.07,0,0.0846786656188606,0.08754351,0.5042214892339868
Q9GZQ8,R11A,0.44,0.6619068932688889,0.7167213284349274,0.7187425404443105,0.9343988481563802,-0.44,0,0.5863591342179699,0.026290938,0.1014423411627459
Q9QZH4,V133T,0.71,0.9460289637294512,0.3387661558567363,0.6331761782638736,1.2010616436034702,-0.71,0,0.707597867282777,0.21313156,-0.0660851830153418
P80386,T134V,0.93,-0.1804554961552929,-0.0612991964322018,-0.2224020768208444,0.9490378428455746,-0.93,0,-0.1940294322281739,0.13233368,0.0158982359754973
Q15561,Y429H,2.99,1.6268713888482196,1.1558560001742073,1.3464053939457843,2.270379141758235,-2.99,0,0.6869800491429451,0.8322394,0.5934810080815717
E0WVU4,R39K,-0.413,0.3395852120722735,0.4861908461013484,0.3610461100016281,0.7898275226142596,0.413,0,0.2379690961254469,-0.31771702,0.2387929809847216
E0WVU4,S128G,0.378,0.7829988174925335,0.5632607222348911,0.7834771719047859,0.3722602022452873,-0.378,0,1.0665680119206369,-0.31629086,-0.3374309040191872
E0WVU4,V183T,-0.354,0.520101119152822,0.2887309139428313,0.3035609615151417,0.6625600278652495,0.354,0,0.5988861642389465,0.17946824,-0.0314724582397999
1fh5H,S15N,-0.6,0.9310289184533068,0.7605301983209384,0.789632489797876,0.9816427651290716,0.6,0,0.6646863371010704,1.003685,0.870155381638145
1iv7B,A73C,-0.5,0.2608752705996137,0.2334761328703777,0.3312373796248158,0.6987689175999467,0.5,0,1.2468785727557778,1.5921804,0.925214011257411
1iv7B,F89C,2.5,1.8625140740197128,1.7281430264239268,1.5820121580197033,2.542231008466885,-2.5,0,2.148994155753192,1.4984185,1.1192227625302789
1iv7B,L62C,1.9,1.2529385481091249,1.3812549511010173,1.520760078127061,1.5931820303132134,-1.9,0,0.4432817103645498,0.2716014,-0.426690471959633
1iv9A,S76Y,-4.299,-0.5468285975445575,-0.5819786676952063,-0.7093181396752731,-0.7679395558377937,4.299,0,-0.808416857399405,-1.361,-0.8128737910443156
P08659,H461D,1.745,1.5428722450530936,1.2522014328322992,1.93026060232926,1.6679425403454649,-1.745,0,0.9373633068397924,0.8366998,0.5465459621089392
P08659,H489D,-0.287,0.1972553191161218,0.3219172476900874,0.3684655496032269,1.2225028998235392,0.287,0,0.4890500241669641,-0.29395247,-0.0262810410952312
P08659,H489K,0.287,-0.1260597082267578,0.008472638577362,-0.1975653310561506,1.18527792249108,-0.287,0,0.3259222917192077,-0.14255671,-0.05625743168413
P08659,H489M,0.263,0.0804993932521999,0.0011458715544376,0.1874422959007426,0.9447602146519808,-0.263,0,0.2504935107801676,-0.15691002,-0.1280411789025057
Q9UBU9,I264V,0.64,0.7345546548272883,0.3127055326282302,0.6046226221511362,1.4167360410543903,-0.64,0,1.1146834509597028,0.1616063,0.9928429412429928
Q9UBU9,L212V,1.38,1.5411210144338727,0.9545791599542586,1.1543633595591527,2.357927781019889,-1.38,0,2.665367636944198,0.7133094,-0.2760185721260875
Q9UBU9,L238I,0.35,1.5638492587927209,0.9341766482542008,1.427918134479102,2.2977204091725447,-0.35,0,0.7482812053469233,0.1395,0.4570490080658461
Q9UBU9,L267I,0.11,1.5724028200696871,0.5228677323075528,1.023547964126707,1.8421766063002931,-0.11,0,0.1423802584892018,-0.058188394,-0.4516742705705435
Q9UBU9,L293I,0.8,0.9426770423452224,0.309799437802229,0.4480271929366433,2.019709418600136,-0.8,0,0.497682329084249,-0.07787885,-0.3481459942088266
Q9UBU9,L293V,1.41,1.1775060696526989,0.5997934223564756,0.6645950041137654,2.012496492942806,-1.41,0,0.8957880157075915,-0.012763634,-0.0157877814727167
Q9UBU9,L315A,1.65,2.321657451541142,1.647419253153836,2.0785543355674503,2.1602063914241483,-1.65,0,1.6763666079720816,0.12549455,-0.5469519131355678
Q9UBU9,L317I,0.85,1.5810515489158403,0.5504253291195865,1.4097516742431329,2.0654923035322508,-0.85,0,0.0910289143744181,0.27011406,-0.4388416295305219
Q9UBU9,L348I,0.53,1.5799971633537768,0.5522114357928759,1.2224604421766263,1.9453184093960636,-0.53,0,0.2262675572449288,0.28403658,0.7023584018823753
Q9UBU9,L349I,-0.05,0.0394738896435195,-0.078485447072362,0.0314705387529898,1.3233496362007096,0.05,0,0.4837912738586582,0.5635804,0.9004493611325814
Q9UBU9,M216L,-0.27,1.1667172084083104,0.4484577533914981,1.1857703266179438,2.087259609023381,0.27,0,1.2231124267157316,0.5062169,-0.4369558315459431
Q9UBU9,S339A,-0.32,-0.2705045883182452,-0.0338962249584115,-0.1442977916816313,1.074533904920807,0.32,0,-0.2507341243170851,-0.24708663,-0.2744975737382336
Q9UBU9,V287A,0.16,0.797483738119517,0.5233590909429111,0.4888324009340977,1.1403748351680734,-0.16,0,1.033515587773004,0.13462402,0.0912415239475721
P04049,A118G,1.963,0.9962640648335476,0.6048670468921075,1.0228139552277882,1.7131867582659246,-1.963,0,2.1793603830140764,1.9388952,2.061055147383905
P04049,A118L,1.951,1.1836029653949494,0.565618190555817,0.8149444426172756,1.7014412104098178,-1.951,0,1.1651224717057185,1.417229,1.6368471824891275
P04049,A85G,2.149,0.7254564150253315,0.4546737805149273,0.6373648512087724,1.6609538575435965,-2.149,0,1.4394492241474324,1.1692007,1.5313447273679002
P04049,A97G,0.863,0.6688920301123542,0.395527951069683,0.5839341982852637,1.8273721902634563,-0.863,0,1.1998852092285075,0.28480905,0.3028212724383561
P04049,C81A,-0.283,0.1770699902388898,0.3376293209192432,0.2874417690867503,1.606588135020549,0.283,0,0.2678786938323692,-1.1494113,-1.062599124253514
P04049,C81I,0.912,-0.1503062229055537,-0.0217397470430838,-0.2245564939215791,1.5326419049120323,-0.912,0,0.1526110194849991,-0.582726,-0.6215756939815928
P04049,C95A,0.08,0.4293446155063397,0.6784652552429062,0.538971115208452,2.166963135459741,-0.08,0,0.2542541436466006,-0.14193435,0.3888721934317931
P04049,C96A,1.759,0.8195162525599576,0.6254556886030063,0.7909997546478789,2.1206681292226275,-1.759,0,2.2911120705445134,1.4123776,1.077979051562732
P04049,C96L,0.043,0.3635936875552848,0.2967170079600515,0.1581285095736804,2.070444852950254,-0.043,0,0.7216705072413576,0.110745996,-0.392474762034701
P04049,C96M,0.337,0.4150343192317397,0.164671804858781,0.2300895721626375,1.9858997692679707,-0.337,0,1.173097515252228,0.5773553,0.5559623359703559
P04049,D117A,0.706,0.2738489428113223,0.3772953680024036,0.3438779255102041,1.2414256560169217,-0.706,0,0.8475027182678339,0.090925045,0.1362402618808161
P04049,D129A,0.855,0.4480117732255938,0.3311639445130782,0.3601143980021217,1.5117426997795562,-0.855,0,-0.1035117917657861,-0.03622009,-0.2588080414756825
P04049,D80A,0.493,0.2600907463043729,0.0766009841908229,0.2496554197431051,1.0210108816954926,-0.493,0,0.3291233118995244,0.20686445,0.1171908644892812
P04049,E104A,-0.021,0.0606737103706817,0.0363031931788294,0.1143744922730329,0.5329245053366257,0.021,0,-0.0217822203322489,-0.58026046,-0.4767951584134424
P04049,E124A,0.101,0.199592260700374,0.1659929921987226,0.1621061747359018,1.3930887029585697,-0.101,0,0.5928066345817875,-0.3708263,-0.1755944878818093
P04049,E125A,0.591,0.280355852566044,0.2273223013762165,0.4835230896807561,1.5089880440835437,-0.591,0,0.3392204794054073,-0.5705774,0.1010719406996844
P04049,I58A,3.274,2.043255141690982,1.1954542673800876,1.75906579827928,2.16286957342587,-3.274,0,3.016830351385724,1.2486235,0.9890244326190736
P04049,I58F,1.2990000000000002,0.4707423131195172,0.1557166543771948,0.6310645499035924,1.865976455730224,-1.2990000000000002,0,1.7448881663821227,0.85115427,1.5816576772128863
P04049,I58L,0.7709999999999999,0.4338083471497155,0.1659059714734675,0.312595214727811,2.0174296802278677,-0.7709999999999999,0,1.377763969443062,0.76673734,0.9019315712137828
P04049,K109A,0.327,0.7309324045813265,0.311633284399837,0.7608050206564675,1.206705132490684,-0.327,0,0.7215817985523509,0.1721807,0.3843407802674364
P04049,L112A,2.593,2.051819884002845,1.3557376685702014,2.08031264668204,1.7072457099048588,-2.593,0,2.444638937932724,1.3232896,1.2329129683715878
P04049,L121A,2.5340000000000003,2.2023205252622384,1.3861020183165669,2.1215709242643017,1.732603494925384,-2.5340000000000003,0,2.1337724377825387,1.110305,1.505605168748401
P04049,L126A,3.405,2.2867136095145013,1.4811391871326578,2.322929764966119,2.052730707626228,-3.405,0,2.8009562734753404,0.77139777,0.5354215967736303
P04049,L62A,3.46,2.4791391161032608,1.7888728828613911,2.0972586695234967,2.1810887804848456,-3.46,0,2.973922532414909,2.3974602,2.579856385562241
P04049,L78A,3.803,2.3019942039161583,1.5438507580655751,2.2162280411205586,2.0140580127595005,-3.803,0,3.2945070122956523,1.5337082,1.4953145658988989
P04049,L82A,3.529,2.2977589691858413,1.6671403565800993,2.0802854063992413,2.2220230911907644,-3.529,0,3.218956308346203,1.8783886,2.22794478044814
P04049,L82I,1.6,0.6671381315716538,0.2811652324223544,0.3318161609095533,1.8975192657015725,-1.6,0,1.55237201348067,0.9889015,1.3810091012134251
P04049,L82V,1.7,1.4212228312342787,0.7453318844868665,0.7717847782145493,1.954464930956604,-1.7,0,1.9153523161539607,0.92763454,1.5637683730005076
P04049,L86A,3.2260000000000004,2.4742020580731787,1.7934272536944298,2.075610301447294,2.3498472798080776,-3.2260000000000004,0,2.543253241832214,1.7220376,2.597928823245086
P04049,L91A,1.575,1.750011900769908,1.2759389253884972,1.3099537467075328,1.959360511231948,-1.575,0,1.5287650347641777,1.1475121,1.5832743185234133
P04049,M76A,0.961,0.8512635870638514,0.6973741360566376,0.8864947584914378,1.3368290407971517,-0.961,0,1.5390164228268068,0.82668674,0.661704878800347
P04049,N56M,-0.271,-0.104489701770668,-0.1878414647736929,-0.0579844512881758,0.8418091550344506,0.271,0,0.3195357888884064,0.41108048,0.3373113435309041
P04049,N64A,1.14,0.1639244112272967,0.2675708798822134,0.1997563794764094,1.2381215034376278,-1.14,0,0.5802077951414817,-0.25516963,0.3491199134569516
P04049,P63A,1.7080000000000002,1.2477695786305985,0.9706707210945222,1.003715839712564,1.9332783599294192,-1.7080000000000002,0,1.7699605824085018,1.2839961,1.301057390236132
P04049,P93A,0.0819999999999999,0.7462824537293915,0.5616762116979453,0.8114142144200216,1.4924123275999983,-0.0819999999999999,0,0.6372142223186449,0.120665416,-0.4354336282545362
P04049,Q66A,0.504,0.3872672730245513,0.3473760910926846,0.4936831040945146,1.6362696196478972,-0.504,0,0.283995324810971,0.27689058,0.6317295208891655
P04049,R100A,0.693,0.566543728359757,0.3449230105335643,0.7174462466929181,1.5480605807096033,-0.693,0,1.5422603442217273,-0.13869204,0.0566371765537659
P04049,R59A,-0.178,0.3709601369648314,0.2494222310883197,0.6205305831763259,1.5386653299475106,0.178,0,0.1500778989422641,-0.1983902,0.3556018172509243
P04049,R89L,-1.078,-0.0651574163826774,-0.2610265904091233,-0.3421995715487921,1.0886641264792771,1.078,0,-0.645452388704139,0.17886518,-0.0693690734410182
P04049,S77A,1.5730000000000002,0.206554226617529,0.1782936593418362,0.4474778382800095,1.14690497399375,-1.5730000000000002,0,0.9046935269745524,0.2365689,0.0889176441930008
P04049,S77T,-0.581,0.1899196491016243,0.2008322709494826,0.0129320230950867,1.0446185564054662,0.581,0,-0.0190743015990358,-0.4576977,-0.2006056264877911
P04049,T68A,0.109,0.353545311699722,0.4450504275322811,0.4429050880671153,1.5574622285293889,-0.109,0,0.8766617345224863,-0.017381772,-0.1561226937352527
P04049,V128A,3.3680000000000003,1.8579617724630115,1.2063174081103842,1.9451353378038565,1.9900663960634617,-3.3680000000000003,0,2.845292988947512,1.2870681,1.1521704077804096
P04049,V60A,2.251,1.593832185981816,1.1142994604247185,1.7334339362083528,2.215452472118661,-2.251,0,2.5154847869030617,0.7953874,0.3053835316194392
P04049,V69A,1.116,1.0760292349041192,0.7678506488665009,0.949708140177461,1.860464477580015,-1.116,0,0.6887433124267752,0.2172211,0.3904701639116387
P04049,V70A,1.77,1.3967160281241644,0.968849591436346,1.1076918380352274,1.9013960618740096,-1.77,0,1.412443420476946,0.27613246,-0.0529582831531707
P04049,V72A,1.052,1.2084952426365678,0.7741195256854084,1.2163730721486778,1.76155580004295,-1.052,0,1.6346372568485124,0.9276042,0.5151143684071127
P04049,V72I,0.8640000000000001,0.6997702403584007,0.2749946637263418,0.4612742640335475,1.7566854189940522,-0.8640000000000001,0,0.5924354016582862,0.7041197,0.4846075991928661
P04049,V98A,1.981,1.4891670573346247,0.974672076917642,1.3643421913440863,1.980214665774815,-1.981,0,2.186498683313954,0.09783244,0.3285037819360951
P03372,C245A,2.09,0.5279933474508914,0.6099412360417455,0.5287873973024599,1.974703756835798,-2.09,0,1.4352493222127825,0.68440133,0.467856285240517
P03372,C245S,1.99,0.6919817573750177,0.5789917748665638,0.6855270447055735,2.0379538051903827,-1.99,0,1.7888260657366315,1.0969545,0.524070512297918
P37231,E488K,0.17,1.128962433938146,1.1598228392120356,1.200979353993016,1.6846267936189232,-0.17,0,0.6059971521540478,0.07778618,0.0691439320859642
P37231,F388L,0.4,1.524889141977695,0.5834247453914659,1.115740328057364,1.8099089734821965,-0.4,0,1.2014313876164908,0.49495953,-0.4730130343637097
P37231,P495L,-0.11,0.3629778734595498,0.0205351066797286,0.1695639504098239,1.103597919517518,0.11,0,0.6682375806045643,0.74233365,0.4472751073729186
P37231,Q314P,0.3,1.8147961046020025,1.765035473035999,1.3748181591588189,2.439732926142841,-0.3,0,1.062387416944368,2.0541592,0.6507206424742186
P37231,R316H,-0.06,1.180798935847545,0.8238307931140298,0.9418244051474068,1.8042215894469047,0.06,0,0.8893779241528567,0.2805212,0.1644822874660626
P37231,R385A,-0.19,0.9126384061555416,0.9836044761154912,1.4364357848069038,1.1136224370019403,0.19,0,0.4526964248446263,-0.060342863,0.5173636888641969
P37231,V318M,-0.03,0.5917934585683419,0.3095778867713682,0.3801899780582,1.283240309111792,0.03,0,0.6847291334720796,1.0521219,0.4535248088361128
Q15582,L558P,1.57,2.04896576397267,1.9799875182093016,2.232007405608494,3.460079762343869,-1.57,0,0.8967268108705748,0.7629738,0.8324607116177709
Q15582,L569R,3.11,2.7533274413947204,2.592894934869907,2.4702458360962147,3.236134318604389,-3.11,0,1.985943409617176,2.1807997,1.9392035515009092
Q15582,M619K,3.34,2.0566025735842413,2.047422187826025,2.400980053453857,3.193256359757115,-3.34,0,0.4621566888072225,0.77530944,0.6569281825889923
Q15582,R533Q,1.1,0.1822780596598591,0.1802773560435178,-0.0105559008245334,0.8958820227258325,-1.1,0,0.2277818189040141,-0.08622278,-0.0206693102295309
Q15582,R555Q,0.36,0.8728923106652114,0.4805452331760934,1.1917100050223417,1.7315681400137528,-0.36,0,0.9461279191504282,0.43012,0.2273448285522838
Q15582,R555W,-1.79,0.5090201007004141,0.0542203686322745,0.426808467221466,1.553565658657267,1.79,0,0.5954730092486583,0.557277,0.6738820849650626
O43353,P521A,0.6,1.1340308375010628,0.8520282355263589,1.013388756563939,1.874388759288441,-0.6,0,0.92991440591277,0.11085059,0.2802560251437671
P15891,E540L,-1.05,-0.4545689598822173,-0.5108262480947009,-0.4290202300268509,1.2250255882423784,1.05,0,-0.0829531529089909,-0.3490659,-0.2667527569898403
P15891,V554K,-0.39,0.0383649724951912,0.1204466620558666,0.0034480770997478,1.5892294651611087,0.39,0,-0.230949838006884,-0.71424574,-0.480738058851561
P03322,D394Y,-0.34,-0.0964751167057944,-0.1618051871310141,-0.0289936439317532,0.6486109034926739,0.34,0,-0.1447296360326511,-0.13532038,-0.0667218967127556
P03322,F406Y,0.74,0.4048744919973003,0.2122450335042069,0.3987944249408573,1.982287069739724,-0.74,0,0.7714162265328043,1.4215108,0.2952008922918701
P03322,I429V,0.17,0.2113717594522347,0.1811427459820026,0.3069387040874727,1.7511722858108816,-0.17,0,0.844658793475478,0.7723591,0.6878204789200346
P03322,R424W,-1.32,0.1089418588197154,0.0202866709186142,0.1068393755103822,1.042063987536728,1.32,0,0.1421182975836893,-0.20006062,0.3647604026191031
