mutation,position,activity_pct_wt,activity_pct_wt_plus_DGJ,active_site,boltz_mean,boltz_A,boltz_B,boltz_D,foldx
A135V,135,0.0,6.9,0,-0.19859966212855332,0.3691118259136777,-0.8789274732804644,-0.0859833390188732,1.85607
A143P,143,0.0,0.0,1,0.9676679292293638,1.1036658020239545,0.8121569864830548,0.987180999181082,4.38328
A143T,143,31.3,49.4,1,0.9466283315602224,0.894120273862282,1.2229398955121,0.722824825306285,4.7924
A368T,368,103.7,93.3,0,0.2181119492956359,0.4258936706688094,0.12033932653957728,0.10810285067852103,0.059821
C142R,142,0.0,0.0,1,2.2261503652394325,2.2056486054290327,2.500266807619814,1.9725356826694518,0.026808
D170N,170,0.0,0.0,1,0.7197454012512895,0.7718458338775991,0.5870438660912963,0.8003465037849731,0.531743
D175E,175,89.8,89.0,0,0.48047574271065097,0.6564073656175692,0.39454314992304884,0.390476712591335,-0.094696
D264V,264,0.0,0.0,0,0.21133477902174955,0.02678623161704438,0.3772371345035318,0.22998097094467235,-0.197997
D264Y,264,0.0,5.4,0,-0.16442634612136206,-0.2892150523257537,0.360224481657483,-0.5642884676958155,-1.15313
E418G,418,74.6,89.1,0,1.0869750503722397,1.0478037615518547,1.168991100427371,1.0441302891374937,1.08729
F273L,273,0.0,0.0,0,0.5044688230015931,0.7355115018944136,-0.28057193012216397,1.0584668972325297,2.00882
G132R,132,0.0,0.0,0,2.4866874933452503,2.7877810067969944,1.9769302903404502,2.6953511828983063,13.5548
G138R,138,0.0,0.0,0,2.654087357305603,2.4701979871908897,2.473056115346361,3.0190079693795573,25.7091
G147R,147,0.0,0.0,0,2.7332041210255547,2.5632285178965,2.2493465999066293,3.387037245273534,26.8606
G261V,261,0.2,3.5,0,1.379177541234563,1.2067508975294075,1.0399346057479961,1.8908471204262853,6.42779
G325S,325,25.6,55.4,0,1.1109770467508522,1.1510405778467245,0.9210527114640005,1.2608378509418317,4.52353
G328A,328,6.2,30.0,0,-0.12185818369273375,-0.4487860897786076,0.4396590372103586,-0.3564474985099522,5.5676
G361R,361,0.0,3.7,0,0.6185806134919164,1.0702477282290408,0.09795735014247842,0.68753676210423,-0.60122
G373D,373,0.0,0.0,0,2.5423455621629913,2.6303318843647276,2.3704367835736315,2.6262680185506153,15.3848
G395A,395,20.1,23.1,0,2.045479537934948,1.5065092408828553,2.0367491425811304,2.5931802303408586,2.45204
G43S,43,0.0,0.0,0,1.720041660937076,1.9773739585665946,0.692041561370203,2.49070946287443,15.2975
H225D,225,32.2,60.5,0,0.3303365062561375,0.7284927365099714,-0.0841468447507565,0.3466636270091975,4.21514
H225R,225,0.0,3.0,0,0.5069898558192864,0.9566959904987395,-0.07013637333661751,0.6344099502957369,6.08901
I270M,270,2.3,33.7,0,1.5200330916061928,1.4717535319111819,1.2482887706269792,1.8400569722804174,-0.027752
L268S,268,0.0,10.8,0,2.396966348434371,2.1474788548464208,2.0010033497444404,3.042416840712252,4.81977
L294S,294,0.0,12.4,0,3.2948851428316477,2.6580021645253633,3.9780868225944417,3.248566441375138,4.87869
L36S,36,0.0,0.0,0,1.6316601207442287,1.5930587479429126,1.3082585370632582,1.9936630772265151,1.28793
M187T,187,0.0,0.0,0,1.7997402754454352,2.0986977341537574,1.5241153234881444,1.7764077686944042,3.69809
N139S,139,147.8,176.4,0,-0.49612666172221437,-0.44148832362304624,-0.6527583968907908,-0.39413326465280607,-0.121918
N272S,272,0.0,0.0,0,0.5722707308165141,0.4393148512966949,0.9668280597244776,0.31066928142836997,1.85104
Q321H,321,3.3,25.3,0,1.0355353306896296,1.0534633737027732,1.0342208325812732,1.0189217857848427,2.93267
Q327E,327,21.5,80.9,0,0.7920278067483828,0.7510174695013777,1.019994522185692,0.6050714285580785,0.78007
Q327K,327,0.0,0.0,0,1.7980778489617346,1.4754228283640016,2.1391480735896984,1.7796626449315038,0.096623
Q386P,386,0.0,0.0,0,2.212448374756448,1.8041077965331869,2.549786588272999,2.2834507394631585,2.10767
R220Q,220,104.5,144.0,0,1.4182293798214423,1.3631656580209068,1.6768141979763833,1.2147082834670369,-0.270097
R301G,301,19.3,56.5,0,1.2706596815915765,1.3974992763920846,0.7296654347571327,1.6848143336255124,5.17727
R301P,301,0.0,5.0,0,2.2138005295596312,2.5194194833713723,1.7629233045295827,2.3590588007779387,5.98859
R301Q,301,8.5,48.0,0,2.2131620049522556,1.8793793589727827,2.7617370389776603,1.998369616906324,3.76349
R49C,49,0.0,5.1,0,0.3541545562593044,0.11874727577767734,0.6097290775696693,0.3339873154305667,1.76714
R49G,49,0.0,0.0,0,1.387222267003289,1.0633381813970053,1.2671604253044655,1.8311681943083955,3.0124
S126T,126,48.9,42.8,0,1.095562645815555,1.009596265175412,1.2264427497127113,1.0506489225585414,1.10062
S297C,297,0.0,3.8,0,0.6574542318544553,0.5071902598704195,0.8185003419546317,0.6466720937383146,1.42525
T141I,141,0.0,0.0,0,2.286322522652119,2.221157888390325,2.4456109942676205,2.1921986852984117,6.64446
V269A,269,9.0,45.0,0,2.0133610810943607,1.9088649995655633,1.8827895217343413,2.248428721983178,2.40033
W95L,95,0.0,0.0,0,3.194713360777086,3.2834397673070512,2.9827578349957946,3.3179424800284125,8.47398
