position,wt_aa,flagged,mean_boltz,mean_foldx,bias,n,spearman,pearson,phi,neighbors,phi_positive
35,G,False,0.157273928045116,2.8322453333333333,-2.6749714052882174,15,0.4071428571428571,0.3398684711041856,64.46583880511535,11,True
43,G,False,1.2271396558210803,24.939010666666665,-23.711871010845584,15,0.2249999999999999,0.233986815755741,-163.8533946093258,24,False
80,G,True,0.792387910197729,4.41192,-3.619532089802272,15,-0.0249999999999999,0.5041548756881918,51.65977121732839,14,True
85,G,False,1.1497419874706292,4.318190666666667,-3.168448679196038,15,0.0464285714285714,0.1879808160956673,155.08317342699124,20,True
104,G,False,-0.0991920162268482,3.476474210526316,-3.5756662267531643,19,0.4035087719298245,0.3738583141391171,102.98328953896254,13,True
116,G,False,0.7890428097948295,3.236454,-2.4474111902051705,15,0.0214285714285714,0.0760757768199688,76.64847611358155,17,True
128,G,False,0.855726358166359,4.490048,-3.634321641833641,15,0.657142857142857,0.7847295798579621,91.02871725050798,13,True
132,G,False,2.187726473581581,13.91537,-11.72764352641842,15,0.2107142857142857,0.2445201935426198,-118.03443286780147,30,False
137,V,True,0.664410550953718,6.908684714285714,-6.244274163331996,14,0.7846153846153847,0.8461926827036401,-69.79781772214214,30,False
138,G,False,0.6921251247729526,22.645014000000007,-21.952888875227053,15,-0.0464285714285714,-0.0833574310739596,-76.69050571845884,23,False
144,G,False,0.0361998911068518,3.355228666666666,-3.319028775559815,15,0.4035714285714285,0.4514137179141757,112.11966913625344,16,True
147,G,False,2.707902669308167,26.432264000000007,-23.72436133069184,15,0.4142857142857142,0.4696943579336671,-92.49881987350061,25,False
150,G,False,-0.2105182751655447,3.0225194736842105,-3.233037748849755,19,0.6175438596491227,0.5208012955719564,63.2372440158562,15,True
163,G,False,0.1982201629552067,4.597443684210526,-4.399223521255319,19,0.0052631578947368,0.1736492277922852,95.76820532352608,21,True
169,F,True,0.8501422503368806,4.718356315789473,-3.868214065452592,19,0.6070175438596491,0.6733132194136593,-91.29825598035187,26,False
171,G,False,1.4274579075946372,16.13280233333333,-14.705344425738694,15,0.5428571428571428,0.3799542807085992,-119.32746795636191,23,False
183,G,False,0.8617248900473575,7.119375625,-6.257650734952643,16,-0.1705882352941176,-0.1579554569680471,-58.53790183727903,23,False
195,G,False,0.384005503022899,3.755728888888889,-3.37172338586599,18,0.4716202270381837,0.4688038644148546,94.30266141243402,11,True
200,Y,True,0.6718615649892967,3.193502066666667,-2.5216405016773704,15,0.9178571428571428,0.8292001524055455,-111.6030451344108,24,False
201,S,True,0.473874722223283,0.320598,0.1532767222232829,15,-0.1071428571428571,-0.1302927810498463,-104.96520920914344,30,False
228,N,True,0.917883670409049,2.0563051428571426,-1.1384214724480937,14,0.3362637362637363,0.1157905305073188,-116.26855606561391,21,False
258,G,False,1.336222987482683,3.2209306666666664,-1.8847076791839836,15,0.2464285714285713,0.7894302911424761,164.1987890384203,19,True
260,G,False,1.266331091445573,4.250853333333334,-2.9845222418877606,15,0.4178571428571427,0.4830883262314852,102.97970594383511,22,True
261,G,False,1.2526845192352376,4.991191466666667,-3.738506947431429,15,0.2321428571428571,-0.0808022469625891,-142.79768927603055,31,False
271,G,False,0.882633793361963,13.009247647058825,-12.126613853696862,17,0.5147058823529412,0.3275495944724663,106.3918831080772,23,True
274,G,False,0.4366772474682713,15.136034705882352,-14.69935745841408,17,0.1544117647058823,0.1680089521061272,-64.47088143635183,16,False
301,R,True,0.7216828987926394,4.222191111111112,-3.5005082123184725,18,0.4674922600619195,0.3268586708427186,-87.23228772144591,13,False
325,G,True,1.755238243049907,8.908684000000001,-7.153445756950094,15,0.1964285714285714,-0.1308224378905471,90.30025097861503,22,True
328,G,False,3.257841958603085,28.76580666666667,-25.507964708063582,15,0.25,0.0935681889344541,-69.80756440763638,25,False
334,G,False,-0.2977262992567719,2.275322666666667,-2.5730489659234386,15,0.075,0.7052344745677126,67.54726209259165,8,True
346,G,False,0.0751212071145311,2.2993302222222223,-2.224209015107691,18,0.7296181630546955,0.8358024486985638,82.2786714926585,13,True
360,G,True,0.7242770245136544,5.69815,-4.973872975486346,16,0.238235294117647,0.6108821525380921,83.55131295632826,8,True
361,G,False,0.2144086885455788,1.7834078,-1.568999111454421,15,0.4142857142857142,0.3243621456130562,-107.39309277852132,10,False
373,G,False,0.8871300794822309,21.919894,-21.03276392051777,15,-0.5678571428571427,-0.6734356543216787,-68.1359704501822,22,False
375,G,False,-0.0135947582192555,3.233241333333333,-3.2468360915525887,15,0.2749999999999999,0.2897573476433399,98.60623365232317,13,True
395,G,False,0.9925780297769808,2.651797368421053,-1.659219338644072,19,0.0122807017543859,-0.4409505709693263,-60.87868697488377,10,False
409,P,True,0.5407345091139358,7.976535333333333,-7.435800824219398,15,0.4142857142857142,0.1898073604670591,-50.35519684417484,17,False
411,G,False,1.0472004188821498,7.946581533333333,-6.899381114451184,15,0.4928571428571427,0.5104282550514745,-99.56680331290634,25,False
