position,wt_aa,flagged,mean_boltz,mean_foldx,bias,n,spearman,pearson
33,D,False,0.09817138115789474,0.7422299473684211,-0.6440585662105264,19,0.3877192982456141,0.3457322015528276
35,G,False,1.268932663157895,2.865504210526316,-1.596571547368421,19,0.40877192982456134,0.496587442356758
36,L,False,1.4819882666666666,1.992533,-0.5105447333333335,9,-0.2833333333333333,-0.19748496458933462
38,R,False,0.4176191473684211,0.4131442105263158,0.004474936842105315,19,0.21228070175438596,0.3400982866336916
39,T,False,0.6126517507142858,0.32281849999999995,0.28983325071428584,14,0.2879120879120879,0.28684114907087627
40,P,False,1.4739331421052633,12.250727368421053,-10.77679422631579,19,0.47543859649122805,0.3782427838983142
41,T,False,0.7016051944210526,1.9987844736842106,-1.297179279263158,19,0.5508771929824561,0.47162455292009936
42,M,False,2.2057421,3.8551400000000005,-1.6493979000000003,19,0.41052631578947374,0.3153761828385233
43,G,False,1.740241104,24.939010666666665,-23.198769562666666,15,0.021428571428571425,-0.007537125515048891
44,W,False,2.7277356526315786,4.7159894736842105,-1.988253821052632,19,0.6929824561403508,0.72022038082979
45,L,False,1.4142512925000001,2.5801870555555557,-1.1659357630555556,18,0.22187822497420018,0.17870519696746195
46,H,False,1.53932415,5.614605999999999,-4.07528185,6,-0.5428571428571429,-0.634386089249191
47,W,False,2.1465466,2.0622813157894733,0.08426528421052693,19,0.5263157894736842,0.5261003269408879
48,E,False,0.0045802162947368484,-0.9266595789473682,0.931239795242105,19,0.5035087719298245,0.11629385047935084
49,R,False,0.914687562631579,1.9300910526315789,-1.0154034899999997,19,0.7508771929824561,0.7753447595300464
51,M,False,0.4712396736315789,1.5905087894736845,-1.1192691158421055,19,0.5368421052631579,0.6470546762588305
52,C,False,2.0758503331578946,5.169284736842106,-3.093434403684211,19,-0.12631578947368421,-0.02838835617354407
54,L,False,1.1085182089473686,1.2986146842105264,-0.19009647526315776,19,0.012280701754385965,0.17554186465117425
55,D,False,0.8262141757894736,0.7331653684210527,0.09304880736842092,19,0.48245614035087714,0.4830548888700758
56,C,False,2.382097605263158,2.8134726315789473,-0.43137502631578917,19,0.38947368421052625,0.28447468025069
58,E,False,-0.23424410444444443,0.2708406111111111,-0.5050847155555556,18,0.2239422084623323,0.0014366369421262375
59,E,False,0.22939698916666662,0.3356486666666667,-0.10625167750000009,18,0.4654282765737873,0.7709028931521194
60,P,False,0.9501147163157896,1.7376116315789474,-0.7874969152631578,19,0.34912280701754383,0.31664830113614806
61,D,False,0.15926481185555558,0.3965021111111111,-0.23723729925555553,18,0.6553147574819401,0.7239802208665109
62,S,False,0.1489153501842105,0.13320836842105263,0.01570698176315788,19,0.1105263157894737,0.29896919152611817
63,C,False,2.2752723166666673,5.387497222222223,-3.1122249055555553,18,0.6264189886480908,0.456077013424302
64,I,False,1.6618647627777776,7.363732499999999,-5.701867737222222,18,0.4674922600619195,0.3005646142161823
65,S,False,0.81353515,2.784372052631579,-1.970836902631579,19,0.28596491228070176,0.1765909515896159
68,L,False,2.514024289473684,4.633144631578948,-2.119120342105264,19,0.20877192982456141,0.11028836503975975
69,F,False,2.248190263157895,3.94699147368421,-1.698801210526315,19,0.6561403508771929,0.6186601846785859
70,M,False,1.169606384736842,1.5403357894736842,-0.3707294047368421,19,0.5385964912280702,0.6901305262776668
71,E,False,0.5356626241578948,0.5488378421052632,-0.013175217947368423,19,0.443859649122807,0.7955583266096055
72,M,False,1.8611602342105258,4.1247197368421045,-2.263559502631579,19,0.5473684210526315,0.5108233760686446
73,A,False,1.8450260416666664,5.30525575,-3.4602297083333333,12,0.6433566433566434,0.5946331612894401
74,E,False,0.4567362592105263,0.5385582105263156,-0.08182195131578929,19,0.23157894736842102,0.7420412576431633
76,M,False,2.1976298563157894,4.752013473684211,-2.5543836173684213,19,0.6350877192982456,0.44753921590071355
77,V,False,1.1614584399999999,1.0973333157894738,0.06412512421052607,19,0.5228070175438596,0.4775420947582006
79,E,False,0.9471374070526316,0.17416426315789474,0.7729731438947369,19,0.556140350877193,0.7968559354549447
80,G,True,1.1242853684210528,4.41215947368421,-3.2878741052631573,19,0.14385964912280702,0.36138972520133583
81,W,False,3.0873646157894736,4.070901052631578,-0.9835364368421047,19,0.7087719298245614,0.8526595218579773
82,K,False,0.9969953170588234,1.2290785882352941,-0.23208327117647076,17,0.7671568627450981,0.7769813119491356
85,G,False,1.546567094736842,4.280718421052631,-2.7341513263157893,19,0.6526315789473683,0.7046204525828272
86,Y,False,2.525187307368421,5.266683894736842,-2.7414965873684216,19,0.8280701754385964,0.6860513596448159
87,E,False,0.1476679542368421,0.40179057894736847,-0.2541226247105264,19,0.5157894736842105,0.4168220501653398
88,Y,False,1.9507914668421051,3.3125124210526313,-1.3617209542105262,19,0.887719298245614,0.8837056144982149
95,W,False,3.3540173526315793,6.105991052631579,-2.7519736999999993,19,0.6175438596491227,0.7367254068548821
96,M,False,1.3491398226315787,4.681841578947368,-3.332701756315789,19,-0.02456140350877193,-0.21287408843732003
98,P,False,0.09681941827272728,1.141072,-1.0442525817272728,11,0.11818181818181818,0.1834255877561068
99,Q,False,0.08001136944444444,0.43960088888888893,-0.3595895194444445,18,0.6594427244582043,0.44129875318440165
100,R,False,2.215154966666667,4.60834,-2.3931850333333333,3,-1.0,-0.9047564679942773
101,D,False,1.8395483584615384,1.623680230769231,0.21586812769230734,13,0.4505494505494505,0.22847043821520585
103,E,False,0.22674094252631577,-0.10164252631578945,0.32838346884210523,19,0.7157894736842104,0.4255522087850384
104,G,False,1.2830726057894737,3.476474210526316,-2.1934016047368425,19,0.16842105263157894,0.271499204866317
105,R,False,1.4717811210526315,1.1273184210526315,0.3444627,19,0.5333333333333333,0.755779934819377
106,L,False,1.7552403368421052,3.299538842105263,-1.5442985052631577,19,0.4719298245614035,0.142508918082839
107,Q,False,0.6741854999999999,0.6040019999999999,0.07018349999999995,2,,
108,A,False,1.27156585,-0.758141,2.02970685,2,,
109,D,False,1.3962985394736844,2.269153736842105,-0.8728551973684204,19,0.38947368421052625,0.3664209811817174
110,P,False,0.48636991473684216,1.6835768421052628,-1.1972069273684207,19,0.056140350877192984,0.0684937261205039
112,R,False,1.7145038231578946,3.7321707894736837,-2.0176669663157893,19,0.5982456140350877,0.5475952841446771
113,F,False,2.7607378210526314,4.613533157894737,-1.8527953368421053,19,0.856140350877193,0.8651010374155468
114,P,False,1.0551567268421052,2.1149715789473684,-1.0598148521052633,19,0.0824561403508772,0.05186793757974492
115,H,False,0.816489304736842,0.3833151052631579,0.43317419947368413,19,0.3719298245614035,0.3840849838294263
116,G,False,1.6032645999999997,3.236454,-1.6331894000000005,15,0.024999999999999998,-0.007058607740723303
118,R,False,0.4717654555263157,0.8468302631578947,-0.37506480763157896,19,0.4526315789473684,0.31810407016372433
120,L,False,2.7121726947368416,3.759020789473684,-1.0468480947368421,19,0.487719298245614,0.6181042608177286
121,A,False,1.8238006147368422,5.0695570000000005,-3.2457563852631584,19,0.44912280701754387,0.4614463037918721
123,Y,False,1.8939651015789476,1.8321596842105263,0.06180541736842127,19,0.4456140350877193,0.6177119738769123
124,V,False,2.0983607431578952,3.4759634736842098,-1.3776027305263145,19,0.7052631578947368,0.7127079527375635
125,H,False,1.9299101157894738,0.926127842105263,1.0037822736842108,19,0.5157894736842105,0.7206057663731962
126,S,False,0.8094477525000001,0.8514569999999999,-0.04200924749999979,4,0.39999999999999997,0.4547147823218776
127,K,False,1.0111163397368421,1.1595588421052632,-0.14844250236842105,19,0.9245614035087718,0.8676824727144179
128,G,False,1.3823520866666665,4.490048,-3.107695913333333,15,0.5892857142857142,0.889601503883903
129,L,False,2.723425042105263,5.211976052631578,-2.488551010526315,19,0.15964912280701754,0.13761896819194433
130,K,False,1.0901150113368423,1.2397597894736845,-0.14964477813684218,19,0.8912280701754386,0.9170644573990514
131,L,False,2.2429402263157896,4.378559263157895,-2.135619036842105,19,0.43684210526315786,0.3530238621013635
132,G,False,2.521347005263158,12.350404736842103,-9.829057731578946,19,0.1649122807017544,0.10044234189001165
133,I,False,2.088436877894737,5.264013105263158,-3.1755762273684205,19,0.4052631578947368,0.3862625114967869
134,Y,False,2.344569084210526,4.560049473684209,-2.2154803894736834,19,0.2543859649122807,0.331340431579497
135,A,False,0.9720009215789474,5.761241421052631,-4.789240499473683,19,0.5543859649122806,0.38035531937420675
136,D,False,1.4759755183333334,8.440006333333335,-6.964030815000001,12,0.5454545454545455,0.4348631503788918
137,V,True,1.0974321981666664,5.9866649444444455,-4.889232746277779,18,0.36429308565531476,0.09965810200145772
138,G,False,2.229578063157895,23.93780052631579,-21.708222463157895,19,-0.021052631578947368,0.000903256457679455
139,N,False,0.026044016263157912,-0.5192521052631579,0.5452961215263158,19,0.2543859649122807,0.32656273473445946
140,K,False,0.594500622,1.4625762857142857,-0.8680756637142857,7,0.9642857142857145,0.9247460807822302
141,T,False,1.8672856610526316,5.994746526315788,-4.127460865263156,19,0.5719298245614035,0.4797513004485743
142,C,False,2.2478499894736843,3.506413052631579,-1.2585630631578946,19,0.2456140350877193,0.20436998168097226
143,A,False,0.8410554210526314,2.141554421052631,-1.3004989999999998,19,-0.05087719298245614,0.15140312452992954
144,G,False,1.3754870266666663,3.3552286666666666,-1.9797416400000003,15,0.25357142857142856,0.1806739096696507
145,F,False,1.740350831578947,2.4312685263157894,-0.6909176947368423,19,0.7035087719298245,0.7622437127819663
147,G,False,2.4192938400000004,26.432264000000007,-24.012970160000005,15,0.2642857142857143,0.5687790227964477
148,S,False,1.995446259473684,4.8680112105263165,-2.8725649510526328,19,0.7070175438596492,0.46981448646247115
149,F,False,1.216507803894737,1.2315873684210528,-0.015079564526315758,19,0.5789473684210525,0.6238902621744505
150,G,False,0.8763819642105265,3.0225194736842105,-2.146137509473684,19,0.4719298245614035,0.5411493731225252
151,Y,False,1.4852003814210526,1.1922754736842105,0.2929249077368421,19,0.4719298245614035,0.6514392149042102
152,Y,False,2.215784092222222,2.8031162222222226,-0.5873321300000005,18,0.632610939112487,0.6352277974032466
153,D,False,0.3468269824736842,1.1592009473684213,-0.812373964894737,19,0.13508771929824562,0.1270917211208208
154,I,False,0.904806560842105,0.7448188947368422,0.15998766610526283,19,0.21929824561403505,0.45587938319048876
155,D,False,1.8598521452631578,5.098202631578947,-3.238350486315789,19,0.4298245614035088,0.46139069666920773
156,A,False,2.348623094736842,9.992670105263157,-7.6440470105263145,19,0.4333333333333333,0.30278549080854184
157,Q,False,1.18604725,0.36154810526315795,0.8244991447368422,19,0.3298245614035088,0.6879160943595225
158,T,False,1.583997705263158,1.8766365263157896,-0.2926388210526316,19,0.5,0.3846907057482419
159,F,False,2.2037883600000003,4.478053388888889,-2.274265028888889,18,0.8286893704850361,0.7989434811246598
160,A,False,1.8601722142105261,1.9827978947368419,-0.12262568052631573,19,0.6315789473684211,0.6355143095967797
161,D,False,1.0143003084210525,-0.03509563157894739,1.04939594,19,0.2157894736842105,0.7991143157945005
162,W,False,2.6792940894736845,3.6817244736842105,-1.002430384210526,19,0.6087719298245614,0.6371947274095431
163,G,False,1.1956891315789473,4.597443684210526,-3.401754552631578,19,0.1754385964912281,0.29192738465814677
164,V,False,1.9480199999999996,5.486946842105263,-3.5389268421052638,19,0.7473684210526316,0.660093120076282
165,D,False,1.4792419210526315,1.997886,-0.5186440789473685,19,0.03684210526315789,0.32308349427682015
166,L,False,1.8257703605263158,4.184575210526316,-2.3588048500000003,19,0.5947368421052631,0.5300541639224187
167,L,False,2.6618642315789476,5.803967684210527,-3.142103452631579,19,0.3877192982456141,0.19123311633278828
168,K,False,0.5558129588421052,1.0750740526315787,-0.5192610937894735,19,0.887719298245614,0.8964202835887173
169,F,True,2.1219455918421053,4.718356315789473,-2.5964107239473675,19,0.49473684210526314,0.5212348235135837
170,D,False,0.9495519684210527,1.7029148421052631,-0.7533628736842104,19,0.11929824561403508,0.2881904935042254
171,G,False,2.0966599978947364,14.863687105263159,-12.767027107368422,19,0.16842105263157894,0.0734719580585779
172,C,False,2.138739805263158,3.988967894736843,-1.850228089473685,19,-0.05964912280701754,-0.052886681896327864
173,Y,False,1.1168094871249998,0.781726625,0.3350828621249998,8,0.30952380952380953,0.6260737857156697
174,C,False,0.6747724557894736,1.959926684210526,-1.2851542284210524,19,0.5157894736842105,0.41332516354263976
175,D,False,0.500779152631579,0.830062947368421,-0.329283794736842,19,-0.1,-0.09228912674489094
176,S,False,0.8626103073684209,1.5761636315789473,-0.7135533242105264,19,-0.08596491228070174,0.16971157408072227
177,L,False,1.0558987642105266,1.8851622631578948,-0.8292634989473682,19,0.6315789473684211,0.5939680881839986
178,E,False,0.0018085807368421,1.133066,-1.1312574192631577,19,0.19122807017543858,0.1756630673395505
179,N,False,0.31837188668421057,-0.14048252631578947,0.45885441300000007,19,-0.019298245614035085,-0.08894274749856244
180,L,False,2.1734131126315788,3.9928957368421045,-1.8194826242105258,19,0.37719298245614036,0.3053869561236474
181,A,False,0.23288816626315795,0.7393067368421053,-0.5064185705789475,19,0.3350877192982456,0.2850837247278526
182,D,False,0.03744091801578947,-0.2755681052631579,0.31300902327894736,19,0.7350877192982455,0.8490226205744922
183,G,False,1.4023023436842106,8.039484736842104,-6.637182393157893,19,0.0912280701754386,0.0641225646380216
185,K,False,1.1745402826315792,1.736135789473684,-0.5615955068421048,19,0.6929824561403508,0.4719115668334441
187,M,False,2.504259157894737,4.231630000000001,-1.7273708421052638,19,0.5877192982456141,0.6043503680147477
188,S,False,1.3436153891105262,1.9195536842105263,-0.5759382951,19,0.42105263157894735,0.5079596269879804
189,L,False,0.28374345083333335,1.304644,-1.0209005491666665,6,0.6571428571428573,0.8059872584819022
190,A,False,1.5499348005263158,1.8927864736842104,-0.34285167315789455,19,0.368421052631579,0.5444768555802562
192,N,False,0.024688058668421043,-0.11431436842105265,0.1390024270894737,19,0.6982456140350877,0.7169826709461375
194,T,False,2.337416618421053,4.687315210526316,-2.349898592105263,19,0.7421052631578948,0.6003349597889025
195,G,False,1.1213783968421054,3.7181168421052635,-2.596738445263158,19,0.4403508771929824,0.5572904987367028
196,R,False,1.7685049700000002,0.9981684999999999,0.7703364700000003,12,0.4545454545454546,0.5054316747343037
197,S,False,-0.1410064202105263,-0.49240621052631567,0.3513997903157894,19,0.5543859649122806,0.44807741015802854
198,I,False,2.13222310768421,4.625410842105263,-2.493187734421053,19,0.3192982456140351,0.1798392602892052
199,V,False,1.4471529215789474,2.5053943684210522,-1.0582414468421049,19,0.46842105263157896,0.5666397338096554
200,Y,True,1.8947424159999997,3.193502066666667,-1.2987596506666672,15,0.6285714285714286,0.5820206034169728
201,S,True,0.45281080873684215,0.38577421052631583,0.06703659821052632,19,0.015789473684210527,-0.027979918617229357
202,C,False,2.720362536842105,13.312858421052633,-10.592495884210528,19,0.4333333333333333,0.11717099135174121
203,E,False,0.36107894665789475,-2.070348157894737,2.4314271045526317,19,0.05964912280701754,0.07100051945841533
204,W,False,2.9239912473684213,3.982412947368421,-1.0584216999999998,19,0.7,0.6584748136279475
205,P,False,1.8024216,14.1635,-12.3610784,1,,
208,M,False,0.9598859668421055,2.743508105263158,-1.7836221384210527,19,0.3701754385964912,0.04740917335521547
209,W,False,2.5828814526315793,2.614016947368421,-0.03113549473684163,19,0.46842105263157896,0.6845647618094973
210,P,False,0.8582876889473683,1.6603942105263156,-0.8021065215789474,19,0.5543859649122806,0.4801113731319732
212,Q,False,0.5492670936842107,0.47400542105263155,0.07526167263157912,19,0.5263157894736842,0.7295940527697908
213,K,False,-0.055040326273684215,0.28175273684210517,-0.3367930631157894,19,0.4807017543859649,0.3873788503024972
214,P,False,2.0093961789473687,8.370535789473683,-6.3611396105263145,19,0.787719298245614,0.5150031793190641
215,N,False,1.098452558888889,1.2320467777777777,-0.13359421888888878,18,-0.11248710010319916,0.3568299113252303
216,Y,False,2.466976943333333,4.185097166666666,-1.718120223333333,6,0.14285714285714288,0.7945124336293887
217,T,False,-0.053951603957894737,-0.15000063157894736,0.09604902762105262,19,-0.03333333333333333,0.15948674686125888
218,E,False,0.6415223973684211,0.6086397368421054,0.03288266052631572,19,0.3877192982456141,0.5000031378032508
219,I,False,2.2217188025,3.4798285,-1.2581096975000001,16,0.7588235294117647,0.7983955110383467
220,R,False,1.409999710526316,1.0888793157894738,0.3211203947368422,19,0.31228070175438594,0.3465085525812434
221,Q,False,0.2380232938105263,0.601604157894737,-0.36358086408421064,19,0.2175438596491228,0.7398350577401188
222,Y,False,2.0318649442105263,2.1978819473684212,-0.16601700315789492,19,0.5701754385964912,0.6700063020664431
223,C,False,2.639892657894737,12.094767368421053,-9.454874710526315,19,0.8228070175438595,0.6449008970436334
224,N,False,0.955167025,1.8035687499999997,-0.8484017249999998,4,1.0,0.9896525384355482
225,H,False,0.4529468866842105,2.5027928421052636,-2.0498459554210533,19,0.20526315789473687,0.22001139161295777
226,W,False,3.3767725529411763,4.44019294117647,-1.0634203882352935,17,0.5122549019607844,0.48257668775480655
227,R,False,1.3315905942105264,3.243794210526316,-1.9122036163157894,19,0.37543859649122807,0.5834377788981456
228,N,True,0.9349108864285716,2.0563051428571426,-1.121394256428571,14,0.15164835164835166,-0.11434684490435203
230,A,False,-0.0983643712631579,-0.16291689473684212,0.06455252347368422,19,0.5526315789473685,0.2861127694755778
231,D,False,0.16678056444444445,-1.4520666111111113,1.6188471755555558,18,-0.46955624355005166,-0.28759986758971023
233,D,False,-0.19640589341818185,-0.8063176363636363,0.6099117429454545,11,0.4090909090909091,0.4849569276635216
235,S,False,0.34719855,2.05284,-1.7056414500000003,1,,
237,K,False,0.07024263165263157,-0.09354542105263157,0.16378805270526314,19,-0.18070175438596495,-0.5751398963889123
240,K,False,0.4576312701842105,1.9017945789473683,-1.4441633087631578,19,0.6771929824561403,0.5184983074472129
243,L,False,1.7704728125,4.95073375,-3.1802609375000004,8,0.19047619047619052,0.006250393421991685
246,T,False,0.835696534,-0.3082774736842105,1.1439740076842104,19,0.6421052631578947,0.6832767684504313
248,F,False,0.5875145619642856,0.3140093571428571,0.27350520482142854,14,0.5120879120879122,0.8568909601325153
250,Q,False,1.8802172105263155,0.5589131052631579,1.3213041052631578,19,0.44912280701754387,0.43914925568753554
251,E,False,-0.024327969578947367,0.0750926842105263,-0.09942065378947366,19,0.031578947368421054,0.017031821654011525
252,R,False,0.030481094157894736,0.7737951578947367,-0.7433140637368421,19,0.531578947368421,0.6576548123049314
254,V,False,1.3306106542105265,1.3634465263157896,-0.032835872105263064,19,0.8070175438596491,0.7896890534553432
256,V,False,0.7928498105263158,1.1609824210526316,-0.36813261052631585,19,0.42105263157894735,0.4955775062198723
257,A,False,2.111960052631579,9.106303263157894,-6.994343210526315,19,0.6508771929824562,0.42138653732339465
258,G,False,1.5295425136842105,3.6019094736842105,-2.07236696,19,0.031578947368421054,0.14670880605943085
259,P,False,0.9911176863157893,2.0995194736842104,-1.108401787368421,19,-0.09649122807017543,0.019046929141872844
260,G,False,1.6896824984210526,4.028837894736842,-2.33915539631579,19,0.1824561403508772,0.30860378004190264
261,G,False,1.6832160605263156,4.512064578947368,-2.8288485184210526,19,0.28596491228070176,-0.03357412068688263
263,N,False,1.6059359899999996,1.7447526999999998,-0.13881671000000018,10,0.11515151515151514,0.26874987492929914
264,D,False,0.3052660366666667,-0.13452266666666665,0.4397887033333333,3,-0.5,-0.19045655026973743
265,P,False,0.9666754157894735,1.7491464736842104,-0.7824710578947369,19,0.6421052631578947,0.7055187907917304
266,D,False,0.9028768352631579,2.6221374736842105,-1.7192606384210527,19,0.46491228070175433,0.5405502326663857
267,M,False,0.7918282768421053,1.7755872105263162,-0.9837589336842109,19,0.21228070175438596,0.3155707792456778
268,L,False,2.229747557894737,4.0803061052631575,-1.8505585473684203,19,0.5649122807017544,0.5961717279798308
269,V,False,1.5293709357894736,6.731973578947368,-5.202602643157895,19,0.5456140350877193,0.38293645711761964
270,I,False,1.87668798125,6.1732695,-4.29658151875,16,0.36470588235294116,0.2677036933177179
271,G,False,1.9130390152631576,15.909795263157894,-13.996756247894737,19,0.3596491228070175,0.26247061465923033
272,N,False,1.016489739473684,7.367504210526317,-6.351014471052633,19,0.3701754385964912,0.2865405239322312
273,F,False,0.8461244315789473,2.8941660526315793,-2.048041621052632,19,0.3456140350877193,0.27241427830854925
274,G,False,0.7100928989473684,13.858943157894737,-13.14885025894737,19,0.18596491228070175,0.20265521630034278
275,L,False,2.218413057894737,5.005394421052631,-2.786981363157894,19,0.6438596491228071,0.45346311519171184
276,S,False,0.896976883076923,7.308863076923078,-6.411886193846155,13,0.2912087912087912,0.485676472667138
278,N,False,0.23655771241052634,0.07039699999999993,0.1661607124105264,19,-0.03508771929824562,0.07655687469879242
279,Q,False,1.4392341411111111,4.702059833333333,-3.262825692222222,18,0.47368421052631576,0.390568094255607
280,Q,False,0.8373626535833333,1.3574425000000003,-0.520079846416667,12,0.04195804195804196,0.18068630945779549
281,V,False,1.5141205448421053,2.178469105263158,-0.6643485604210526,19,0.7736842105263159,0.8302288199131647
282,T,False,1.4291839415789473,4.029665578947368,-2.6004816373684205,19,0.5070175438596491,0.5410473542724377
284,M,False,2.1046580923076923,3.7013292307692307,-1.5966711384615384,13,0.7252747252747254,0.6429839994528033
285,A,False,1.8987537461111113,10.429066666666666,-8.530312920555554,18,0.6119711042311662,0.43767413123693233
286,L,False,1.6476790960526315,5.182019368421053,-3.5343402723684214,19,0.5368421052631579,0.39678461885950844
287,W,False,2.7585513466666662,4.905378666666667,-2.146827320000001,15,0.6857142857142856,0.7389615836894041
288,A,False,1.14152202,6.919566666666667,-5.778044646666667,3,1.0,0.9565431834906464
289,I,False,2.057866292631579,5.046793000000001,-2.988926707368422,19,0.487719298245614,0.4398188288351854
293,P,False,1.5211054263157893,7.001324736842105,-5.480219310526316,19,0.46140350877192987,0.2520528275982394
294,L,False,2.2179621626315784,3.510992947368421,-1.2930307847368425,19,0.4912280701754386,0.6816015706073325
295,F,False,1.6430222192105262,3.183827157894737,-1.5408049386842106,19,0.7578947368421053,0.7661820455942621
297,S,False,1.4102640942105265,11.319693,-9.909428905789472,19,0.5491228070175439,0.4530115899192336
298,N,False,1.161498764736842,3.2184929999999996,-2.056994235263158,19,0.7736842105263159,0.7679969828170066
299,D,False,2.099924331578947,7.10182052631579,-5.001896194736843,19,0.4385964912280701,0.2535557465087676
300,L,False,2.282787361052632,4.4467063157894735,-2.1639189547368414,19,0.6052631578947367,0.39128754091649276
301,R,True,2.4763839789473687,4.2256526315789475,-1.7492686526315788,19,0.2157894736842105,0.14865555761623842
302,H,False,0.33205512836842105,0.39171578947368424,-0.05966066110526319,19,0.5333333333333333,0.4365452039030863
303,I,False,1.7793293955263159,3.2572600526315787,-1.4779306571052628,19,0.7035087719298245,0.6719990460591253
304,S,False,0.74629424,0.28845968421052637,0.45783455578947363,19,0.19122807017543858,0.18798827489253325
305,P,False,0.3779928747368421,1.3105473157894738,-0.9325544410526316,19,0.05087719298245614,0.06118475791408019
308,K,False,1.1390980568947369,1.8375736842105261,-0.6984756273157893,19,0.6350877192982456,0.7522011289006739
309,A,False,0.5346192236363636,0.22599854545454548,0.30862067818181815,11,0.8181818181818182,0.978064762803202
310,L,False,2.2897840578947366,4.066538578947368,-1.7767545210526312,19,0.5684210526315789,0.6201538122579899
311,L,False,2.4116980684210523,4.701659894736842,-2.28996182631579,19,0.42280701754385963,0.45115947646778876
312,Q,False,1.277941775,10.09262,-8.814678225,2,,
313,D,False,0.8271424317368421,2.7893655263157897,-1.9622230945789476,19,0.019298245614035085,0.39538347498188864
314,K,False,0.22526067568421057,0.5844695789473684,-0.3592089032631578,19,0.23508771929824557,0.19834987750504612
315,D,False,0.6157003352631578,-0.41494657894736847,1.0306469142105263,19,-0.04385964912280702,-0.08827820209153309
316,V,False,1.7798289944444445,5.861632999999999,-4.081804005555555,18,0.6800825593395253,0.466787870964526
317,I,False,2.222126760526316,3.2191696842105264,-0.9970429236842104,19,0.512280701754386,0.6777745604387672
318,A,False,0.5724638481052632,0.42189499999999996,0.15056884810526322,19,0.4666666666666667,0.869621298265505
319,I,False,1.9792428526315788,3.2398452631578945,-1.2606024105263156,19,0.7,0.7365240621269513
320,N,False,1.7048529131578947,6.393691052631579,-4.688838139473684,19,0.4719298245614035,0.41343864448950485
321,Q,False,1.5800963078947368,2.9867254210526317,-1.406629113157895,19,0.5210526315789473,0.5814355092240128
322,D,False,1.8932078631578948,3.3916940526315793,-1.4984861894736845,19,-0.2070175438596491,-0.20634679297768688
323,P,False,0.3099777004210526,1.523883,-1.2139052995789474,19,0.5754385964912281,0.3701057424475948
324,L,False,1.204286787142857,1.2174929285714282,-0.013206141428571128,14,0.16043956043956045,0.2436119913817339
325,G,True,1.3650352213333334,8.908684000000001,-7.543648778666667,15,0.2071428571428571,-0.03948545318219768
326,K,False,0.9748347828421053,0.5976149473684211,0.3772198354736842,19,0.5385964912280702,0.7306124152586971
327,Q,False,1.3458501523157895,2.2421387368421053,-0.8962885845263158,19,0.4421052631578948,0.38929595210124357
328,G,False,2.0489765846666668,28.76580666666667,-26.716830082,15,0.16428571428571426,0.07695316100066721
329,Y,False,1.9842911315789475,3.633005263157895,-1.6487141315789473,19,0.6508771929824562,0.7343097037790776
330,Q,False,0.7785265618421052,0.4823465789473684,0.29617998289473685,19,0.22982456140350876,0.2798666294697785
332,R,False,0.4983735248947368,1.4590556842105264,-0.9606821593157897,19,0.4807017543859649,0.6121063099906946
333,Q,False,0.1796554186842105,0.3086082105263158,-0.1289527918421053,19,0.6491228070175438,0.7917126647375676
334,G,False,0.2936929212,2.275322666666667,-1.981629745466667,15,0.1964285714285714,0.7152790723654238
335,D,False,0.6906839400000001,0.8383084736842106,-0.14762453368421047,19,0.5964912280701754,0.7812328902947028
336,N,False,0.28720969855263156,0.8705150526315789,-0.5833053540789473,19,0.40877192982456134,0.7767630226897642
337,F,False,1.8860671884210523,2.9971461578947367,-1.1110789694736845,19,0.6473684210526316,0.7533234890813856
338,E,False,0.8095002570000001,0.8957802999999999,-0.0862800429999998,10,0.309090909090909,0.25422651029480536
339,V,False,1.750177968888889,4.94188,-3.1917020311111113,9,0.33333333333333337,0.31418995616418655
340,W,False,3.020810915789474,5.002195789473684,-1.9813848736842101,19,0.8298245614035088,0.826260980622833
342,R,False,0.9974310132105264,5.286904263157896,-4.28947324994737,19,0.787719298245614,0.736799517852843
343,P,False,0.9336951422222223,2.134585111111111,-1.2008899688888888,18,0.5686274509803922,0.5692724236856277
345,S,False,0.6362895342105265,0.37293505263157894,0.26335448157894753,19,0.0894736842105263,0.6010173426924995
346,G,False,0.8059758755555556,2.2993302222222223,-1.4933543466666666,18,0.5087719298245614,0.8152718673164351
348,A,False,0.5815622428421051,0.484577947368421,0.09698429547368409,19,0.6807017543859648,0.8068595413566626
349,W,False,2.1458625578947363,2.9295378947368422,-0.7836753368421059,19,0.7473684210526316,0.6855231543218796
350,A,False,2.131603796842105,6.16281247368421,-4.031208676842105,19,0.5578947368421052,0.5143800945480879
352,A,False,1.8370895315789473,6.88379547368421,-5.0467059421052625,19,0.6333333333333333,0.5558372822767531
354,I,False,0.8168146564210526,5.510561315789475,-4.693746659368422,19,0.1,-0.24340030047076727
355,N,False,1.5752949731578945,4.931087578947368,-3.355792605789474,19,0.3298245614035088,0.3057131280623689
356,R,False,0.7724853436111112,1.8744743333333334,-1.1019889897222221,18,0.45098039215686275,0.5911340042505876
357,Q,False,0.5452730813684211,0.48020900000000005,0.06506408136842107,19,0.6175438596491227,0.7842007524636204
359,I,False,0.45149363526315794,1.2537003684210526,-0.8022067331578946,19,0.5789473684210525,0.4835514385292667
360,G,True,1.44816753125,5.69815,-4.24998246875,16,0.2323529411764706,0.29348803552436065
361,G,False,1.1212030689473682,1.8466164736842103,-0.7254134047368421,19,0.48947368421052634,0.4160724612983925
362,P,False,0.60400811,2.6435866666666668,-2.0395785566666667,3,1.0,0.7451183064798943
363,R,False,1.7705667,1.1452740909090908,0.6252926090909092,11,0.7363636363636363,0.6331780728962293
364,S,False,0.0944939994526316,0.19197847368421053,-0.09748447423157894,19,-0.3192982456140351,-0.4201853441978035
365,Y,False,1.6519628047368418,2.4295124736842104,-0.7775496689473687,19,0.7912280701754386,0.6887978196884179
366,T,False,0.5996802131578948,0.09666,0.5030202131578948,19,0.19649122807017544,0.27423899576382715
367,I,False,1.3665309363157896,2.4211444210526314,-1.0546134847368418,19,0.5894736842105263,0.5642591904951709
368,A,False,0.22369477994736844,0.057187842105263155,0.1665069378421053,19,0.3385964912280702,-0.1181064544466313
370,A,False,0.2574949948421053,0.7326522631578949,-0.4751572683157896,19,0.0894736842105263,0.2594723275490916
371,S,False,0.3783119747368421,0.29319268421052636,0.08511929052631573,19,0.20350877192982456,0.13944253482428148
373,G,False,1.8195887157894735,19.85268789473684,-18.033099178947367,19,-0.343859649122807,-0.3830618009317655
374,K,False,0.13806703893333333,1.0521302000000001,-0.9140631610666667,15,0.4642857142857142,0.7491534117043162
375,G,False,0.8554983305263159,3.398463684210527,-2.542965353684211,19,0.12456140350877193,0.2254030334773992
377,A,False,1.6658473736842108,9.148273578947368,-7.482426205263157,19,0.5333333333333333,0.2699264848319723
378,C,False,2.0649268000000003,4.56794,-2.5030132,2,,
379,N,False,0.3028897907894737,0.010064789473684188,0.29282500131578953,19,0.7421052631578948,0.8512830661786622
381,A,False,0.9709267805555556,1.6946261666666667,-0.7236993861111111,18,-0.005159958720330237,0.02474204355615632
383,F,False,0.8487052376315788,1.684067052631579,-0.8353618150000003,19,0.556140350877193,0.5565318516315053
384,I,False,2.4985950999999997,7.482725714285714,-4.984130614285714,7,0.07142857142857144,-0.20272950135544882
385,T,False,0.9972050355555557,1.0514489444444444,-0.05424390888888864,18,0.38080495356037153,0.4072022370226596
386,Q,False,1.2754130063157891,1.474242684210526,-0.19882967789473693,19,0.7614035087719299,0.7890236686657015
387,L,False,1.8201209055555556,2.751914833333333,-0.9317939277777776,18,0.6986584107327141,0.6952842718650499
388,L,False,2.1142499052631583,3.407408947368421,-1.2931590421052626,19,0.5385964912280702,0.6101167584811813
390,V,False,0.203823904,0.11269060000000002,0.09113330399999998,5,0.8999999999999998,0.7671499409042157
394,L,False,1.8428943968421057,1.8283237368421055,0.01457066000000018,19,0.6052631578947367,0.6036994468860227
395,G,False,1.644108942105263,2.651797368421053,-1.00768842631579,19,0.18596491228070175,0.5473759741673522
396,F,False,0.9504781842105264,0.8860397894736841,0.06443839473684232,19,0.5964912280701754,0.6358869425581254
397,Y,False,1.4926890963157893,2.6403874736842106,-1.1476983773684213,19,0.7578947368421053,0.8160973853282589
398,E,False,-0.05691000145,0.45348849999999996,-0.51039850145,4,1.0,0.8951639109559537
399,W,False,1.6180175884210526,0.3269209473684211,1.2910966410526314,19,0.3701754385964912,0.37709681201476786
401,S,False,0.7089127958166667,1.0262947777777778,-0.3173819819611111,18,0.1847265221878225,0.6140918652293883
403,L,False,1.6092210852631579,2.983918473684211,-1.3746973884210532,19,0.8035087719298245,0.7839746663441955
405,S,False,-0.054813121500000006,-0.41936049999999997,0.36454737849999996,10,0.6848484848484848,0.5627262064546399
406,H,False,-0.09886925936842103,-0.06381584210526314,-0.03505341726315789,19,0.5052631578947369,0.3856226742325883
408,N,False,0.6934809496666667,-0.25312661111111107,0.9466075607777777,18,-0.3085655314757482,-0.11410417418625647
409,P,True,1.2525055566666667,7.9765353333333335,-6.724029776666667,15,0.7428571428571428,0.5479466427704553
411,G,False,1.928074615789474,6.675277842105263,-4.747203226315789,19,0.30877192982456136,0.3833378662511288
413,V,False,1.374457382105263,2.2906287368421054,-0.9161713547368424,19,0.7578947368421053,0.696507257449194
414,L,False,2.7273005757894735,4.8591170526315794,-2.131816476842106,19,0.6017543859649123,0.5859288689356397
415,L,False,1.9003124889473682,3.904624315789474,-2.0043118268421063,19,0.6578947368421053,0.571287701297924
416,Q,False,0.31154139226315786,0.279749947368421,0.03179144489473684,19,0.7385964912280703,0.8588542297771778
417,L,False,1.9587470778947367,3.6671112105263157,-1.708364132631579,19,0.8140350877192982,0.7915109356381007
418,E,False,0.2868071197894737,0.09037215789473688,0.19643496189473683,19,0.6192982456140351,0.8030379335222027
419,N,False,0.7871581192307692,2.4040177692307694,-1.6168596500000003,13,0.6758241758241759,0.3533499265879999
422,Q,False,-0.01390280015789474,0.320303105263158,-0.3342059054210527,19,0.03684210526315789,0.10486146393506275
423,M,False,0.4250442915789473,1.0444376315789474,-0.6193933400000001,19,-0.19122807017543858,-0.21785049268069792
425,L,False,0.2809225120555556,0.5781978888888889,-0.2972753768333333,18,0.2239422084623323,0.3982734036929933
427,D,False,-0.0015633535,-0.059314,0.057750646499999995,1,,
