mutation,position,activity_pct_wt,activity_pct_wt_plus_DGJ,active_site,boltz,foldx
A135V,135,0.0,6.9,0,0.5654042,1.85607
A143P,143,0.0,0.0,1,0.9608065,4.38328
A143T,143,31.3,49.4,1,0.86693174,4.7924
A156D,156,0.0,0.0,0,2.9734766,9.38976
A156V,156,4.3,16.8,0,2.336638,4.81356
A285D,285,0.0,0.0,0,2.5738614,8.42951
A368T,368,103.7,93.3,0,0.57061946,0.059821
C142R,142,0.0,0.0,1,2.3006966,0.026808
C172G,172,0.0,4.4,0,1.8816105,3.87478
C172Y,172,0.0,0.0,0,1.9304825,2.81646
C52W,52,0.0,0.0,0,2.0754707,5.36179
C63Y,63,0.0,0.0,0,2.3243847,4.85562
D165H,165,3.4,11.9,0,1.3326073,2.05109
D165V,165,0.0,0.0,0,1.7090235,1.21256
D165Y,165,0.0,0.0,0,1.6048838,1.66661
D170N,170,0.0,0.0,1,0.78526294,0.531743
D175E,175,89.8,89.0,0,0.58530676,-0.094696
D175N,175,70.0,84.3,0,0.50021875,0.208957
D231N,231,0.0,0.0,1,0.124877885,-1.74578
D264V,264,0.0,0.0,0,0.6553409,-0.197997
D264Y,264,0.0,5.4,0,0.17274816,-1.15313
D313Y,313,83.9,100.3,0,0.81166935,3.55934
E418G,418,74.6,89.1,0,0.80131996,1.08729
E59K,59,2.2,18.5,0,0.25503486,-0.798729
F273L,273,0.0,0.0,0,0.80940735,2.00882
G132E,132,0.0,0.0,0,3.2773423,8.85752
G132R,132,0.0,0.0,0,2.53214,13.5548
G138R,138,0.0,0.0,0,2.5250714,25.7091
G147R,147,0.0,0.0,0,2.7431962,26.8606
G183V,183,0.0,6.7,0,1.8074415,11.2066
G261V,261,0.2,3.5,0,1.2912571,6.42779
G325S,325,25.6,55.4,0,1.0201212,4.52353
G328A,328,6.2,30.0,0,0.78155947,5.5676
G35R,35,17.9,72.3,0,1.4539604,1.97907
G361R,361,0.0,3.7,0,1.2166094,-0.60122
G373D,373,0.0,0.0,0,2.4555001,15.3848
G395A,395,20.1,23.1,0,1.5442492,2.45204
G43S,43,0.0,0.0,0,1.7218279,15.2975
H125P,125,0.0,0.0,0,3.1737518,4.24466
H225D,225,32.2,60.5,0,0.7767876,4.21514
H225R,225,0.0,3.0,0,0.81485033,6.08901
I219T,219,53.3,85.3,0,2.0417552,2.23596
I270M,270,2.3,33.7,0,1.4044387,-0.027752
I319T,319,20.2,58.3,0,1.7397029,2.60999
K213M,213,83.4,82.5,0,-0.16081691,0.004581
L120V,120,50.1,62.0,0,1.4738263,2.02442
L129P,129,0.0,0.0,0,2.9404347,7.75615
L131P,131,0.0,0.0,0,2.910253,4.6865
L268S,268,0.0,10.8,0,2.62952,4.81977
L275F,275,0.0,0.0,0,2.0679917,6.0393
L275H,275,0.0,0.0,0,2.7597528,3.57677
L294S,294,0.0,12.4,0,2.8837967,4.87869
L310F,310,0.0,4.1,0,1.9856017,3.38853
L311V,311,1.9,40.1,0,1.6983969,2.98388
L36S,36,0.0,0.0,0,1.7262262,1.28793
L415F,415,83.2,99.5,0,-0.04145681,2.68
L415P,415,0.0,0.0,0,3.0528119,6.90743
L68F,68,0.0,4.5,0,1.2454118,7.8456
M187T,187,0.0,0.0,0,2.0911765,3.69809
M267T,267,27.5,30.5,1,0.6057924,2.01504
M42V,42,0.0,11.9,0,2.2621377,2.62371
M51I,51,37.4,62.0,0,0.43811393,1.89766
M51K,51,0.0,8.7,0,0.16187161,0.555998
N139S,139,147.8,176.4,0,-0.22587244,-0.121918
N215S,215,39.5,63.9,0,0.48339072,1.92414
N272S,272,0.0,0.0,0,0.5931932,1.85104
N320I,320,2.0,31.8,0,1.6000118,1.86056
Q321H,321,3.3,25.3,0,1.2139614,2.93267
Q327E,327,21.5,80.9,0,0.5157703,0.78007
Q327K,327,0.0,0.0,0,1.5533084,0.096623
Q386P,386,0.0,0.0,0,2.0669346,2.10767
Q416P,416,0.0,0.0,0,2.7290847,4.40987
R112C,112,0.0,0.0,0,1.255659,4.40093
R112H,112,1.6,19.4,0,0.81560344,3.0434
R118C,118,20.0,23.7,0,0.23755114,1.7403
R118G,118,37.6,44.0,0,0.778868,1.84184
R118H,118,67.4,66.9,0,0.24961948,1.01451
R118L,118,51.7,51.4,0,0.28835696,1.01361
R118P,118,49.0,47.7,0,1.3354763,0.813336
R118S,118,76.2,70.9,0,0.38349432,1.53592
R220Q,220,104.5,144.0,0,1.4442954,-0.270097
R227Q,227,0.0,0.0,1,1.0280755,3.59501
R252T,252,117.0,134.3,0,-0.033439137,1.0067
R301G,301,19.3,56.5,0,2.204098,5.17727
R301P,301,0.0,5.0,0,2.804448,5.98859
R301Q,301,8.5,48.0,0,2.3133597,3.76349
R342L,342,0.0,0.0,0,0.3092692,2.07721
R342Q,342,0.0,0.0,0,0.95573246,2.24532
R356Q,356,89.1,99.4,0,1.1383405,0.8576
R356W,356,16.9,62.7,0,0.09887935,3.51401
R363H,363,31.9,57.9,0,1.8704036,2.53863
R49C,49,0.0,5.1,0,0.35698363,1.76714
R49G,49,0.0,0.0,0,1.3648603,3.0124
S126T,126,48.9,42.8,0,0.9540108,1.10062
S297C,297,0.0,3.8,0,0.46549815,1.42525
S345P,345,0.0,13.3,0,1.8559288,5.10399
S65I,65,0.0,11.2,0,0.97935027,1.19178
T141I,141,0.0,0.0,0,2.0950508,6.64446
T282I,282,5.0,47.7,0,0.33656597,3.87274
T385A,385,45.0,48.9,0,1.2297919,1.64534
V269A,269,9.0,45.0,0,1.5955825,2.40033
V269M,269,0.0,17.3,0,0.5672492,2.97186
V316G,316,0.0,0.0,0,2.7310593,4.17533
V316I,316,65.6,68.3,0,0.21097675,0.677647
W162G,162,0.0,5.2,0,3.029842,4.69549
W204C,204,0.0,4.4,1,2.299503,3.96502
W349R,349,1.6,8.9,0,1.9200634,2.89423
W95C,95,0.0,0.0,0,3.069016,5.28884
W95L,95,0.0,0.0,0,3.1627362,8.47398
Y86D,86,0.0,0.0,0,3.413358,7.31458
