n,MAE,MAE_centred,bias,sd_true,MAE_sd,rho,skill_vs_onehot,class,corpus,grouping
541.0,0.9767799808194656,0.7113330237666444,-0.08655702860774643,1.6261744888541876,0.600661237471331,0.5687257300052354,0.14512166714111174,all,S669,overall
252.0,0.8927158034143367,0.6492114804002711,-0.15338753705599725,1.3799796198729828,0.646905063349055,0.43838112681101327,0.1257369082682751,near-isosteric,S669,isosteric
289.0,1.0500816164806854,0.7655012899546239,-0.028282675220344326,1.8036379855156852,0.582201985605472,0.6380331513818069,0.15894571260329537,rest,S669,isosteric
12.0,0.9509215958273315,0.7774683633131684,-0.11893553730904327,1.1030285684093921,0.8621006047001988,,-0.2886091476076862,Q,S669,wt_aa
22.0,1.1342004332626934,1.0386396997834406,-0.5072442346079579,1.5175082425587565,0.7474097348889874,,0.2035653790830082,Y,S669,wt_aa
16.0,2.0951963265218314,1.5432789387035941,0.22291003513395008,2.837339093088217,0.738437055911205,,0.01916597316538926,W,S669,wt_aa
17.0,1.2617533084131887,0.8534836852221234,0.8384396471181,1.7199865530425111,0.7335832400440884,,0.0276825833074692,H,S669,wt_aa
35.0,0.7752637427379505,0.5228956025002921,-0.32228360537986855,1.0879814267136867,0.712570751395712,0.5108558671773682,0.10506161725248397,A,S669,wt_aa
22.0,0.8892783489720621,0.7452114150093746,0.1673632755335702,1.2603315134556954,0.7055908223176577,,0.09456002764256322,R,S669,wt_aa
26.0,1.1018093447335044,0.9200962528387421,0.1773167013317748,1.565731600930966,0.7037025656749735,0.3836553313039255,0.09460051084163767,F,S669,wt_aa
23.0,0.8173410282596834,0.5427027715787699,0.12641617930001392,1.1705607520792334,0.6982474227056255,,0.0067573661297005705,T,S669,wt_aa
21.0,0.9948809491957638,0.5685311428442985,0.3166048569712994,1.4765128383812862,0.6738044691074005,,0.11830984627352359,S,S669,wt_aa
56.0,0.8061431455894674,0.451870914971168,-0.5353692082145656,1.2427497073284446,0.648676994921563,0.4285274817925812,0.09253183543652121,D,S669,wt_aa
27.0,1.3924975401071005,1.2493667038713943,0.6466077590439779,2.147828594072551,0.648328057439049,0.5555555555555555,0.11633154998925543,N,S669,wt_aa
48.0,1.1353234055476003,0.7949777406270192,-0.528208649599241,1.7748149317914612,0.6396855160563859,0.4561346369371066,0.10233043717106383,E,S669,wt_aa
12.0,0.6003921737318557,0.38321610565341224,-0.14421972280436055,0.9570298117645345,0.62734949982893,,0.27253151226318706,G,S669,wt_aa
40.0,0.8258025414145276,0.6307230058134329,-0.039516666635128136,1.3575329206944597,0.6083112452198065,0.6586888524720459,0.25194092500932097,L,S669,wt_aa
45.0,0.6267206464498852,0.5103599126618131,-0.1600483355968422,1.032405399584344,0.6070489816328051,0.5924278422357057,0.17504085004148806,K,S669,wt_aa
54.0,0.8489312632603183,0.5846472172266394,-0.21641401650871564,1.4261669930633734,0.5952537587739524,0.7291825662467993,0.284373668843129,V,S669,wt_aa
39.0,0.7749994607182209,0.6778159483048541,-0.1707742397999261,1.4831954384038621,0.5225201215237252,0.6692311594339503,0.2705497300926951,I,S669,wt_aa
14.0,2.1767990180042607,1.173218790015829,1.9235663584998366,1.8089725348573238,1.2033344763722176,,-0.19552901242193643,R,S669,mut_aa
23.0,1.4826373145294964,0.6749733154564015,-0.9678693221840662,1.4683928268931126,1.0097007336017316,,0.04363767380055761,H,S669,mut_aa
16.0,0.7418815189063315,0.5620158834593227,0.44114651753339995,0.8169349219287095,0.9081280515647638,,-0.4449748913257816,M,S669,mut_aa
16.0,0.9157472940748885,0.5971567892963396,-0.3055567681646546,1.0598249462371918,0.8640552360332361,,0.09617400039148771,N,S669,mut_aa
17.0,1.5621442104982262,1.2045569622528287,-0.1820510160223571,2.0706219742613854,0.7544323541024242,,0.06272780995788696,F,S669,mut_aa
12.0,0.5880695298952324,0.700772924139851,0.16112703860103703,0.8212616126202639,0.7160562734924089,,-0.07811286750430035,I,S669,mut_aa
15.0,1.0059801589820383,1.0842090829369881,-0.0928123580336934,1.4590931854441387,0.6894557311470304,,0.00556927196422774,C,S669,mut_aa
22.0,0.7952621976088583,0.5522576590222849,0.10012467962510606,1.1567820157811204,0.6874780094777452,,0.014795104117423241,Q,S669,mut_aa
17.0,0.8947378677409739,0.7367868640737071,-0.23168813189548318,1.3436864896072078,0.6658829084472878,,0.13181242836372242,L,S669,mut_aa
55.0,0.7609629097328954,0.7434275576037374,-0.20804464476784174,1.264366418302321,0.6018531485157987,0.6840681163633425,0.2119821825561048,G,S669,mut_aa
12.0,1.052082899678923,0.4764933098751303,0.5084296761960355,1.767275638325324,0.5953134173658842,,0.21037514395416057,E,S669,mut_aa
13.0,1.2834297079440462,0.7603237677344995,0.9149762766632327,2.232055195875742,0.5749990906656299,,0.2455737011072735,Y,S669,mut_aa
35.0,0.7072255349155364,0.6242872886093582,-0.19880555937942027,1.2325308102921109,0.5737994774734462,0.5809343713907063,0.1574303580652977,V,S669,mut_aa
220.0,0.9012595325714361,0.6716319841127997,-0.2214658807826099,1.6318351104025641,0.5522981622506582,0.6945438445611529,0.2237408087514634,A,S669,mut_aa
7.0,1.56307705370158,0.5015631005516028,-1.56307705370158,0.8075565732799276,1.935563532537506,,0.013004121027844873,K->H,S669,pair
11.0,0.6657454364937132,0.5024122257067175,-0.663927923453607,0.8198520930908543,0.8120311481841112,,0.16438119551585129,D->N,S669,pair
7.0,0.9168059226493724,0.8311515854872026,-0.37217837753836536,1.1412920831441964,0.803305250417249,,0.12757913120981612,F->L,S669,pair
10.0,0.845396115962709,0.6844979339414246,-0.07325156464256097,1.1047079503450472,0.7652666170263878,,0.07918950445190187,S->A,S669,pair
9.0,0.9892748464506127,0.5056929049540858,0.45772413410710716,1.3370589719396988,0.7398887163633863,,0.04734665530350912,F->A,S669,pair
34.0,0.8660190364438994,0.5459540544123124,-0.31183956218188036,1.2532028485760573,0.6910445802352806,0.6426660720820926,0.29913164994380614,V->A,S669,pair
18.0,0.8800457504152246,0.7811346926987419,-0.6747593591036457,1.2851804888376144,0.6847643253681706,,0.39681146566760905,I->A,S669,pair
26.0,0.7870269162674153,0.5581244477190234,-0.21412046821884775,1.1757143164247656,0.6694031919766773,0.5725530793883673,0.32494344120188245,L->A,S669,pair
17.0,0.4054911903461442,0.3856937898408492,-0.1179607125284481,0.6185898812431954,0.6555089286802083,,0.13612899346483265,I->V,S669,pair
7.0,0.49491570702231263,0.6509529907697037,0.2895630141002585,0.7607546378745377,0.6505589087239101,,0.10783680024897058,V->I,S669,pair
21.0,0.617768338141766,0.5559681023611077,-0.417618917742388,0.969635670410971,0.6371138737913083,,0.28230384833358446,A->G,S669,pair
8.0,0.62416466362106,0.39637054198967747,-0.1782143278395023,0.9907059171548913,0.6300201228367908,,0.2521791431969864,G->A,S669,pair
9.0,0.4252157470175197,0.6316453306313004,0.3962917834024126,0.6778089701383423,0.6273386245253323,,0.13373949737154367,K->M,S669,pair
14.0,1.630059161407631,1.126512889015507,-0.3877831593332523,2.6276151567700916,0.620356887958938,,0.06454819178592353,E->A,S669,pair
11.0,1.094023567452693,1.0370434955220533,-0.0076474073724369755,1.7833825317484342,0.6134542354074247,,0.2215473395521912,Y->A,S669,pair
16.0,0.658505338054749,0.4422076689412611,-0.24574275297874118,1.0838777433363969,0.6075457699018112,,0.1314004610703301,E->Q,S669,pair
6.0,0.9282474850871477,0.8115428805107111,0.36415692946160755,1.560735937520075,0.5947498630435094,,0.10382226230743485,L->V,S669,pair
10.0,0.6832841119740367,0.9294605007331593,-0.3138347016113968,1.1530305190140362,0.5925984617981468,,0.3855312843403157,N->A,S669,pair
10.0,0.6257661528667379,0.5944260068031338,-0.14708800944289102,1.0587912605104621,0.5910193786120268,,0.24355649441185478,R->A,S669,pair
17.0,1.0882053142422348,0.5634050849063429,-0.5035678363920524,1.8615720882377567,0.584562543195615,,0.17922024921302515,D->A,S669,pair
22.0,0.4762093729605141,0.46291339713737306,0.036451396911008606,0.817799285274615,0.5823059295051892,,0.20871554341908516,K->A,S669,pair
13.0,0.8062960232170729,0.5714656052837896,0.025349058228518236,1.4577584170788047,0.5531067519629252,,0.1914939959512747,T->A,S669,pair
6.0,0.49229443506554443,0.5590955469398482,-0.1042695554932034,0.9284772479711066,0.5302170151625129,,0.4008586997173902,K->G,S669,pair
3102.0,0.8109838681236788,0.7224931310367586,-0.0007964762107888862,1.5958988782682,0.5081674529427098,0.6569896014165004,0.22365976730011639,all,FireProt <=500 (filt),overall
1529.0,0.7330538468698389,0.6729886594188953,0.018593471752998948,1.3103409971015303,0.5594374658896817,0.5885682438356226,0.20524946087061002,near-isosteric,FireProt <=500 (filt),isosteric
1573.0,0.8867340286431457,0.7706128621897865,-0.0196440480077575,1.8116323209270817,0.4894668848640158,0.7085031809167166,0.2378468692269189,rest,FireProt <=500 (filt),isosteric
79.0,0.6264296721642978,0.5823762839514556,0.14184975043345932,0.8364883200727249,0.7488803574804673,0.3227738329224958,-0.029475036218908013,Q,FireProt <=500 (filt),wt_aa
60.0,1.2731527472743998,1.045056434567334,0.24648488295578844,1.927918505685268,0.6603768486686447,0.28065593079534706,0.03990819278519275,W,FireProt <=500 (filt),wt_aa
108.0,1.2217099821623005,1.0479984109020752,-0.41886199217450476,1.8924606941066962,0.6455668992052636,0.6156996352386919,0.247403750264945,F,FireProt <=500 (filt),wt_aa
326.0,0.7259039170235146,0.6046801799196617,0.2077333895326935,1.1507671826301427,0.6307999810738613,0.5723378822178832,0.14571755522457608,T,FireProt <=500 (filt),wt_aa
288.0,0.574622601670966,0.5221846433882484,0.15741775665065305,0.9495776471473945,0.6051349285623743,0.48135157362300096,0.1272064630103532,K,FireProt <=500 (filt),wt_aa
82.0,0.999847732539058,0.9390131506964833,-0.06997493660652655,1.6577960501591715,0.6031186601289457,0.4919635424297034,0.10925385664023701,P,FireProt <=500 (filt),wt_aa
209.0,0.6327303270497089,0.5417919167745584,0.09325317126200867,1.067132139253365,0.5929259402611641,0.5598238794768232,0.16067595884949848,E,FireProt <=500 (filt),wt_aa
157.0,0.9728857352847641,0.868729361156056,0.10510859742403529,1.6532720218370751,0.5884607750173607,0.6746696586297899,0.21725725733139878,G,FireProt <=500 (filt),wt_aa
208.0,0.7267473265070398,0.640206919885845,0.10891706237853678,1.2904613493216155,0.5631686116667382,0.6037170836604727,0.23369915909309125,D,FireProt <=500 (filt),wt_aa
198.0,0.8626263275723761,0.8223307653265519,0.1330297818714676,1.5329271489875786,0.5627314567049696,0.6870280747849059,0.28090398943197736,L,FireProt <=500 (filt),wt_aa
93.0,0.7596656955565834,0.7013939071477232,-0.2681408298445571,1.372592849910062,0.5534530473522137,0.695322934168139,0.3201461198348785,R,FireProt <=500 (filt),wt_aa
160.0,0.7510907482640625,0.6905420430413927,-0.360299014883802,1.3730248198828612,0.5470336277884192,0.6832068672320324,0.17889438132992164,I,FireProt <=500 (filt),wt_aa
102.0,0.5424778619355788,0.5734670547695085,0.16730230452851047,0.9924540412050455,0.5466025018920754,0.6154172430930647,0.2414419244446877,S,FireProt <=500 (filt),wt_aa
121.0,0.7237130276843211,0.5778405141935936,0.1358165002239013,1.347965455447936,0.5368928593528589,0.6656538923210074,0.29681499107027975,N,FireProt <=500 (filt),wt_aa
291.0,0.8602115221788871,0.7547170789074291,-0.1660304343651177,1.6459661409580215,0.5226179936351594,0.7124460220093914,0.2656174811081682,V,FireProt <=500 (filt),wt_aa
278.0,0.7309942206271385,0.6723255879330189,0.017306489959981134,1.4416614618321286,0.5070498449047517,0.6426996302846127,0.33749118022997904,A,FireProt <=500 (filt),wt_aa
63.0,1.0711254731848017,0.8829040151124086,-0.202275157735958,2.2102750106272753,0.48461185510160415,0.5867498826854058,0.13756789404095882,H,FireProt <=500 (filt),wt_aa
184.0,1.1918383916586963,1.0697110758029937,-0.2865431293858848,2.4883294622784278,0.4789712977024332,0.6790331568122137,0.1994314481772762,Y,FireProt <=500 (filt),wt_aa
64.0,0.6514264320232838,0.5437245467009186,0.18212260843312908,1.461702036957397,0.4456629433035882,0.7455411332466148,0.4904693409593188,M,FireProt <=500 (filt),wt_aa
60.0,0.9594069209221097,0.7142005788381572,0.044861758962640205,1.5009685225902154,0.6391918994186934,0.4148578546166462,0.13535690200306594,C,FireProt <=500 (filt),mut_aa
148.0,0.7347446111022474,0.676125580346812,0.23267472429444122,1.171138563372055,0.6273763276880747,0.6035943498219783,0.15073847719637268,I,FireProt <=500 (filt),mut_aa
88.0,0.8588149110454423,0.7237911246743869,0.3182475053142214,1.3734456525651773,0.6252995227306142,0.5048854080184039,0.23406070244875266,R,FireProt <=500 (filt),mut_aa
80.0,1.0650730302730236,1.0774627339226774,-0.06387402653213661,1.7588450810833383,0.6055524967650963,0.6583314156606499,0.28686109062516063,P,FireProt <=500 (filt),mut_aa
214.0,0.7759436137484417,0.7174141985465394,-0.16230208107841892,1.3594132983935887,0.5707930139166433,0.53298335556776,0.16563888273064298,F,FireProt <=500 (filt),mut_aa
107.0,0.6193015278333409,0.5526301252585893,0.18981181610322478,1.1030654294112998,0.5614368026780232,0.6413242115200348,0.2034776524587203,M,FireProt <=500 (filt),mut_aa
97.0,0.9043838558262177,0.841645927884483,-0.12036437470229674,1.6219953115585968,0.5575748890156675,0.6167038062743553,0.2577707753225349,H,FireProt <=500 (filt),mut_aa
99.0,0.8023669161214344,0.6984094872580949,0.32880822194576087,1.4395197123421979,0.557385153702361,0.6436676043885811,0.27341517316534714,E,FireProt <=500 (filt),mut_aa
231.0,0.7645218455210415,0.7167212862410216,-0.06830051396855333,1.4202003983375675,0.5383196951753862,0.5912686094554502,0.1859752620227043,V,FireProt <=500 (filt),mut_aa
94.0,0.8049708497869369,0.7562869727369994,0.11967048003890617,1.5108432907700007,0.5327957271972819,0.7308279304907721,0.32969383474703806,D,FireProt <=500 (filt),mut_aa
88.0,0.6841137779785583,0.6150541943529616,0.16158501218709562,1.2948181674835528,0.5283473735220418,0.683113258343922,0.29155175827739765,Y,FireProt <=500 (filt),mut_aa
172.0,0.6923036717479779,0.653881297943518,0.0635803454969717,1.314352603413489,0.5267259865807734,0.6669807373099027,0.24138788755521434,L,FireProt <=500 (filt),mut_aa
87.0,0.8097392071856832,0.6737568897044678,0.13450091386055985,1.5478388855333807,0.5231417912767126,0.6551133354403053,0.29124749766380387,K,FireProt <=500 (filt),mut_aa
119.0,0.6587330038162157,0.5735952838562813,0.07380147824385963,1.2850054787730765,0.5126305021245311,0.5865280222195186,0.2284307487169397,Q,FireProt <=500 (filt),mut_aa
723.0,0.8069447134432458,0.7155468394319565,-0.07437601384637109,1.5755811473833028,0.5121568728995046,0.6876240316217491,0.20417351062379885,A,FireProt <=500 (filt),mut_aa
108.0,0.8985103975890302,0.7653740308964387,0.08282709528773291,1.7828784975535938,0.5039661417320003,0.735353456139408,0.30991387933985615,N,FireProt <=500 (filt),mut_aa
118.0,0.7831146210474066,0.7328586078799688,-0.13902715390740364,1.5788506188990556,0.4960029857628192,0.7633149333834109,0.250485367618284,T,FireProt <=500 (filt),mut_aa
274.0,0.9146980351591737,0.775948076350012,-0.2884900707013867,1.985762984708397,0.4606280015303509,0.7067296055047046,0.2209978016944465,G,FireProt <=500 (filt),mut_aa
165.0,0.9726215626960862,0.8039222637100324,0.18681885397561396,2.197485422858823,0.4426066050671464,0.6068183478422139,0.20448504166122872,S,FireProt <=500 (filt),mut_aa
11.0,0.7334087685205479,0.6135469438717555,0.7334087685205479,0.5694287408526996,1.287972868075282,,-0.16195184196734846,T->K,FireProt <=500 (filt),pair
10.0,0.6409373321060934,0.41160424003822715,0.6409373321060934,0.6133016296153866,1.045060539800029,,-0.027248333928748147,T->M,FireProt <=500 (filt),pair
15.0,0.5457642853218285,0.5315736161035145,0.4801331489447014,0.5399410853615195,1.0107848802733914,,0.35336108238356967,D->E,FireProt <=500 (filt),pair
15.0,1.156225005310348,0.9064489637224902,0.550776648977743,1.1602442271636892,0.9965358829121981,,-0.055452601654760736,T->E,FireProt <=500 (filt),pair
11.0,0.7009500035601139,0.5793153752741936,0.3865780044798168,0.7460038995754769,0.9396063532094117,,-0.04217085526382491,D->K,FireProt <=500 (filt),pair
11.0,0.887179024811529,0.7423531526918548,-0.09654384418271299,0.9493879474416529,0.934474707839129,,-0.293778226368161,Q->G,FireProt <=500 (filt),pair
11.0,0.7141209928321555,0.46175161764784145,0.6269444868454639,0.7700684739329708,0.9273473944270504,,0.05697620321080066,T->R,FireProt <=500 (filt),pair
11.0,0.8208114299129647,0.685130703991831,0.8208114299129647,0.8872510036254359,0.9251174995114242,,0.06428760340428763,K->N,FireProt <=500 (filt),pair
17.0,0.43123643123496186,0.3664206422565855,0.28778883928768256,0.4934892274883605,0.8738517625395036,,0.09530637861585711,K->M,FireProt <=500 (filt),pair
22.0,0.5334539508626708,0.48657602536509964,0.2725226456627659,0.6225152049349321,0.8569332068257347,,-0.13386521610072455,K->Q,FireProt <=500 (filt),pair
13.0,1.3334982422318442,0.9728800477982882,-0.6426446507621297,1.5979123249030038,0.8345252874326443,,0.17538997935743894,F->L,FireProt <=500 (filt),pair
23.0,0.6670375035488576,0.6887925018541287,0.14054793805296148,0.8052684789760016,0.8283417530474783,,0.0486212564990397,L->I,FireProt <=500 (filt),pair
10.0,1.2242411804457924,1.4800728173751436,-1.2242411804457924,1.4983902473432391,0.81703760593508,,0.3238670310439843,T->P,FireProt <=500 (filt),pair
30.0,1.0582717937254975,0.7448761658706208,-0.5531226092067061,1.3101648813228037,0.8077393989197885,0.3429779997044656,0.2005001682198052,I->A,FireProt <=500 (filt),pair
18.0,0.6686536667803337,0.5957148734238356,0.44688237676503395,0.828259417058605,0.8072998060860224,,-0.06083882456918577,T->I,FireProt <=500 (filt),pair
14.0,1.4507758423804344,1.2868452227807303,0.29199016274553985,1.8024955228488393,0.8048707050808577,,-0.013997972262883573,W->A,FireProt <=500 (filt),pair
11.0,0.5688899076753452,0.4588171203404944,0.4909755147299201,0.7145220907584442,0.7961823924456769,,0.21890993607918263,T->L,FireProt <=500 (filt),pair
64.0,0.8083982992148651,0.8390938516538644,-0.6349892494932112,1.0170765038141873,0.7948254592287324,0.49676001828763944,-0.031121916837292485,Y->F,FireProt <=500 (filt),pair
15.0,0.9978817123839162,0.8260582695598876,0.5195776866173735,1.3086520691517811,0.762526370382546,,0.13311607677660142,G->S,FireProt <=500 (filt),pair
10.0,0.6964773716696102,0.6068151814308156,0.2059575565008315,0.9171345775475558,0.759405858987468,,0.33421359483919544,D->R,FireProt <=500 (filt),pair
14.0,0.6428938728856386,0.437648064205927,0.40470022808764483,0.8571424043547847,0.7500432479123209,,0.20332969992474592,T->N,FireProt <=500 (filt),pair
12.0,0.8038718366889875,0.6781399074535864,-0.05279813380973597,1.078094666654724,0.7456412331426917,,0.08038097496224528,T->C,FireProt <=500 (filt),pair
24.0,0.35361935173107656,0.48619542654573317,0.12758820532975776,0.47924532540684794,0.7378670859874884,,0.07241634390219864,Q->A,FireProt <=500 (filt),pair
52.0,0.6249230719835212,0.6209195964682122,0.0957316968613565,0.8613371202801484,0.7255266924758403,0.45084979998603003,0.12558496984472434,T->A,FireProt <=500 (filt),pair
14.0,0.6167264724882502,0.4495058695634713,0.2314586476644173,0.8627903238082487,0.7148045770449726,,0.02870340217403,P->G,FireProt <=500 (filt),pair
13.0,1.048732450350258,0.6437878609229426,-0.08124395220526853,1.4777243419424444,0.7096942376760988,,0.06328215589242336,T->Q,FireProt <=500 (filt),pair
31.0,0.5365428207651299,0.42871470193901196,0.13368297860137382,0.7568584178090221,0.7089077800288345,0.4290322580645162,0.154378868812312,T->S,FireProt <=500 (filt),pair
55.0,0.5438983199792018,0.64685714600806,-0.1467905457535728,0.7755876314538555,0.7012725550556458,0.4367671007393251,0.12895145457357038,I->V,FireProt <=500 (filt),pair
11.0,0.8392360439945545,0.565893135942215,0.06745011664293493,1.1981879258094517,0.7004210490834295,,0.0401926832882592,D->S,FireProt <=500 (filt),pair
45.0,0.453253122182816,0.3946320286651804,0.02017384098283287,0.6487880824691405,0.6986150554089052,0.452152718220684,0.09924733510833961,E->A,FireProt <=500 (filt),pair
70.0,0.5058990384548787,0.49579359211635016,0.07407903045127315,0.7292322109947796,0.6937420355647185,0.34202560013631805,0.08183210338955316,K->A,FireProt <=500 (filt),pair
30.0,1.3805352832861677,0.993554762166285,-0.7936763537981251,1.9905702355625474,0.6935375896927445,0.43062203356208717,0.1715152932444136,F->A,FireProt <=500 (filt),pair
11.0,1.313345864238409,1.1204238657397176,-0.608267470939675,1.929721390891609,0.6805883328222787,,0.3281044134797072,L->G,FireProt <=500 (filt),pair
36.0,0.43474949992792467,0.3740251818647767,0.19012189429737048,0.6453527488604222,0.6736618085157532,0.7323164196499766,0.1623654362658402,V->I,FireProt <=500 (filt),pair
12.0,0.7530630880906264,0.6150548324237647,0.5055813704107139,1.122366239883834,0.6709602100723995,,0.2706491019064845,E->F,FireProt <=500 (filt),pair
10.0,0.6127633228280384,0.40031932480444343,0.3170490199398217,0.9165569631324976,0.6685490891191421,,0.17524924667015096,K->T,FireProt <=500 (filt),pair
24.0,0.5589550225307819,0.5516448972181252,-0.32598371089481243,0.8373460273777009,0.6675317064335394,,0.16612406047608497,I->L,FireProt <=500 (filt),pair
16.0,0.7182570027086618,0.6160218755366718,0.43259185925714017,1.083451083344329,0.6629344081613644,,0.13288579813765755,T->D,FireProt <=500 (filt),pair
10.0,1.0581797599883251,0.7635652890325109,-0.22812212672068527,1.5967606966049177,0.6627040371411069,,0.1400408289408166,V->C,FireProt <=500 (filt),pair
10.0,1.5496359842176495,1.0820053952602569,-1.128477073645588,2.3410893317554673,0.6619294544628308,,0.2256620314234702,I->G,FireProt <=500 (filt),pair
12.0,0.4033126217559868,0.43966400562490243,-0.010903859530569696,0.6222471191357396,0.6481550646890283,,0.14616225148077355,S->G,FireProt <=500 (filt),pair
60.0,0.6790353328934965,0.6023216716921882,0.04754171177555931,1.0588768100947208,0.6412788781659635,0.5341394249150636,0.20888322305293316,A->G,FireProt <=500 (filt),pair
11.0,0.9395374277377933,0.7661516434345145,0.9395374277377933,1.4676883493811248,0.6401477726071512,,0.23747402181954702,T->Y,FireProt <=500 (filt),pair
25.0,0.3949828411483004,0.4495428054463938,-0.04279694308688157,0.621202310040779,0.6358360791066145,0.5532897677733059,0.15961705045547103,A->S,FireProt <=500 (filt),pair
33.0,0.870126132440346,0.8898895947291624,0.17863592390547073,1.3700363864241938,0.6351116956180867,0.6177380795341793,0.17099898200613184,L->V,FireProt <=500 (filt),pair
28.0,0.7018446068461398,0.6221439145490646,0.1179451797068056,1.105283986480459,0.6349902970014197,0.47330962627530515,0.23261813528523234,A->V,FireProt <=500 (filt),pair
42.0,0.5972622198098524,0.5304872941030373,-0.17163072368875737,0.9470564130657537,0.6306511540072162,0.527988378856598,0.2091395512386811,T->V,FireProt <=500 (filt),pair
20.0,0.555299144927629,0.47221019571430745,0.1955028071127263,0.8812501088714628,0.6301266114324233,,0.19677076432840557,K->E,FireProt <=500 (filt),pair
10.0,0.8987820210695456,0.6225364569175821,-0.3754196720465836,1.430766176512379,0.6281823234460348,,0.20273623204948654,Y->L,FireProt <=500 (filt),pair
18.0,0.5749712434417007,0.5038365839925286,0.09893195682585192,0.9157161850354878,0.6278924112490358,,0.13072734164970634,H->A,FireProt <=500 (filt),pair
29.0,0.4250595231043154,0.4212237515243231,-0.0737193314262995,0.6791240454254188,0.6258937906373914,0.62355261808601,0.23229484166126246,E->Q,FireProt <=500 (filt),pair
33.0,0.8271454323248133,0.7581243665770833,-0.5335300822182825,1.3255011092229787,0.6240247002205028,0.774630235845681,0.21051919827729015,V->T,FireProt <=500 (filt),pair
11.0,0.9426163549245344,0.6802176529409303,0.501595223541209,1.5207982353774854,0.6198168389448208,,0.2707218000458128,T->F,FireProt <=500 (filt),pair
15.0,0.9288437809360219,0.6756137966727153,0.34689712599341305,1.5038151482147,0.6176582155318273,,0.2238569876955695,T->H,FireProt <=500 (filt),pair
27.0,0.3891857295993222,0.2988552239740527,-0.013521765912022567,0.6333781723018759,0.6144602807907177,0.5723886223754129,0.20138797693192423,K->F,FireProt <=500 (filt),pair
25.0,1.3713943922431873,1.0657017275199754,-0.7084106207425104,2.2368224548328475,0.6130993496064793,0.8246153846153846,0.25254607032936194,V->G,FireProt <=500 (filt),pair
11.0,1.663317903380785,1.5254637334180396,-0.6437752626954434,2.7169171105977057,0.612207820729159,,0.10784324490242969,C->S,FireProt <=500 (filt),pair
58.0,0.7827546391760734,0.7099591251674876,0.02205424689884331,1.280074370717888,0.6114915328998353,0.5569982630815111,0.34463749218881357,L->A,FireProt <=500 (filt),pair
15.0,0.8015400498256422,0.8447431308577998,-0.09088414579076423,1.313591929258762,0.6101895360136218,,0.02773899876251129,K->R,FireProt <=500 (filt),pair
17.0,0.8105766821741534,0.6506787498156137,-0.45445021276704506,1.337297719997345,0.6061303104410906,,0.1438455098312188,E->G,FireProt <=500 (filt),pair
45.0,0.6844378543654718,0.7379953392915607,-0.21029837981317412,1.132030044663165,0.6046110327125866,0.6113911154142427,0.1904998760688621,R->A,FireProt <=500 (filt),pair
75.0,0.9506283785153745,0.750358557419099,-0.12168598783659543,1.5766994169153807,0.6029230228137983,0.5892269076238051,0.21660322859626235,V->A,FireProt <=500 (filt),pair
11.0,1.1552215228505844,1.1659412866675947,-0.7326087557682303,1.9191304849284785,0.6019504832646316,,0.22381335083103227,D->H,FireProt <=500 (filt),pair
13.0,1.3177839379967446,1.097167879470849,-0.6276681203508393,2.191904564450314,0.6012049791625935,,0.3260144668854118,V->S,FireProt <=500 (filt),pair
42.0,0.9123612628155323,0.7784819014123725,0.3267686928144692,1.5435714124291178,0.5910716248493808,0.6461601070548095,0.16161560474275283,D->A,FireProt <=500 (filt),pair
24.0,1.3478763306603152,0.9671181857483125,0.16373333463652065,2.2884588221764233,0.5889886755219945,,0.01834051580105045,W->F,FireProt <=500 (filt),pair
14.0,1.0393965199999873,0.9520229769798245,-0.5135259827400372,1.776828951621715,0.5849727510638141,,0.22975876670705886,A->F,FireProt <=500 (filt),pair
49.0,1.04312573847444,0.9919218673263928,-0.13896463575374093,1.787167275602512,0.5836754917766545,0.5444524089088719,0.13629834821334152,P->A,FireProt <=500 (filt),pair
46.0,0.7945737080767131,0.7092565749983379,0.23371202029554372,1.3674033525909117,0.5810821705030783,0.8225896246956677,0.25433845722955517,G->A,FireProt <=500 (filt),pair
15.0,0.644965932821281,0.5615029678931086,0.07805454599443326,1.134867250936724,0.5683183934411039,,0.35689173456283685,E->K,FireProt <=500 (filt),pair
13.0,0.49243857795855894,0.48311711713575217,0.04066150095277992,0.8678362423808674,0.5674326029615646,,0.2398210440802282,I->M,FireProt <=500 (filt),pair
16.0,1.4780181368586756,1.2562481693624683,-0.7843950999902609,2.6120469963221127,0.5658466861200414,,0.17216842877183935,G->V,FireProt <=500 (filt),pair
32.0,1.3247113949551834,1.1611807435508308,-0.7686536629372857,2.367185341846373,0.55961456483248,0.6165551612733641,0.24216661134492534,Y->A,FireProt <=500 (filt),pair
13.0,0.620205826912168,0.6816149598053401,0.02423346146562486,1.117470516255733,0.5550086717189359,,0.3697344572285116,N->D,FireProt <=500 (filt),pair
15.0,0.7544042113421622,0.6410027739591181,-0.10609304398129513,1.3801489329955219,0.5466107267893022,,0.24137845558404902,D->G,FireProt <=500 (filt),pair
13.0,1.0631090459893218,0.8307550447602682,-0.37043847531013463,1.947945005278574,0.5457592709796688,,0.13154746511152926,N->G,FireProt <=500 (filt),pair
13.0,1.7422907712223805,1.469763814576471,-1.1378706477979141,3.193970191477307,0.5454937481481374,,0.30052422262931666,Y->G,FireProt <=500 (filt),pair
21.0,0.8993173155479869,0.7345968056587527,0.32163874183851815,1.6861119080304594,0.5333675133096449,,0.32746998698845675,A->L,FireProt <=500 (filt),pair
41.0,0.4985488268373224,0.5748392479170259,-0.06795603379401066,0.9356770289710585,0.5328214879717251,0.6838001539416119,0.21731033848925752,S->A,FireProt <=500 (filt),pair
26.0,0.8273770288285319,0.6189040482212532,-0.12097391792547185,1.555684250476133,0.5318412322907459,0.6764706277960176,0.2537133321109406,D->N,FireProt <=500 (filt),pair
10.0,0.4834812954993716,0.47676359876764735,0.06608613392445156,0.9260271282656629,0.5221027340795876,,0.2973887951086962,M->L,FireProt <=500 (filt),pair
20.0,1.0410477430299465,0.7353746429403798,0.2951629592094026,2.02343185979367,0.5144960716078191,,0.29095820230540725,M->A,FireProt <=500 (filt),pair
10.0,0.8920701849897232,0.8908629422722874,-0.05812313735646464,1.737093677509778,0.5135417833473185,,0.2578257598526915,A->M,FireProt <=500 (filt),pair
29.0,0.4815535481151648,0.4595586668230779,0.07279872869237744,0.9411002717766267,0.5116920720956536,0.6432365025392376,0.31690122683853805,K->G,FireProt <=500 (filt),pair
10.0,0.7940502702338355,0.9330104048816752,-0.22451128395839434,1.5619205592261514,0.5083807019143439,,0.3840592603228168,D->P,FireProt <=500 (filt),pair
14.0,0.853747439364409,0.7664671872121479,-0.03470878679093906,1.7403088017000676,0.4905723849298485,,0.2907939214506492,A->I,FireProt <=500 (filt),pair
10.0,0.3973549541008514,0.3730699296697562,0.17884184987140733,0.8111070966415114,0.48989209408492224,,0.5318435194216962,V->M,FireProt <=500 (filt),pair
23.0,0.6004493687989809,0.46178430755795774,0.13116540409267713,1.2553825439190383,0.4782999187837241,,0.2212029696583785,T->G,FireProt <=500 (filt),pair
27.0,0.5068786664672862,0.40776101466146986,-0.2954913836086719,1.0672268563651945,0.474949316955567,0.8368188160387038,0.4750767015964903,N->A,FireProt <=500 (filt),pair
31.0,0.34766390086518956,0.6523405070343324,0.052588123954333925,0.7610857175995686,0.45679992782114803,0.7063332563385838,0.42541524636669004,V->L,FireProt <=500 (filt),pair
10.0,0.6817224747457247,0.6067500033595155,-0.5641608777260674,1.547592417811184,0.4405051788182766,,0.5013914977175171,A->H,FireProt <=500 (filt),pair
11.0,0.4929933041266402,0.3903283766099598,-0.14503517817331624,1.1348882604187798,0.4343981000779082,,0.36420182212975594,E->D,FireProt <=500 (filt),pair
15.0,0.580107231336145,0.5837719302805395,-0.029753126683188184,1.3855183355701426,0.418693290765748,,0.44445568187070195,A->T,FireProt <=500 (filt),pair
11.0,0.9194205761956133,0.8599946174835998,-0.4145556704093957,2.2100637588499157,0.41601540793287617,,0.4785943309537064,A->K,FireProt <=500 (filt),pair
10.0,0.5621761828923861,0.5874283570859505,-0.10554275782673703,1.5161281095093662,0.37079728247655264,,0.5346223651553096,A->Y,FireProt <=500 (filt),pair
11.0,0.5628205895529057,0.6001370357400668,0.04575186886123886,1.5839354038711184,0.3553305192733108,,0.572108381749274,A->D,FireProt <=500 (filt),pair
