config,metric,kind,mean,lo,hi,significant
diag,r,paired_diff,0.2636834931320221,0.21869645855719275,0.30762743584557656,True
diag,rho,paired_diff,0.2903456323983191,0.25004154530027173,0.3355251651149745,True
diag,mae,paired_diff,-0.22888831004322305,-0.2760299781741973,-0.17157804481852448,True
diag,stab_rho,paired_diff,0.04865940921015232,-0.07803437232298513,0.19660643703287936,False
diag,stab_bias,paired_diff,-0.2560266946486866,-0.33528584782727566,-0.12064645823051293,True
diag,auc_stab,paired_diff,0.11268390117725154,0.05872144753950617,0.1657015223073756,True
diag,detpr30,paired_diff,0.23491666666666666,-0.06666666666666671,0.5666666666666667,False
diag,ndcg30,paired_diff,0.10937249705932152,-0.012225710014085673,0.2575291991072884,False
onehot,r,absolute,0.36558563406449013,0.23919244409752302,0.46743699928483223,
diag,r,absolute,0.6292691271965122,0.492175542812784,0.7284776770041385,
onehot,rho,absolute,0.3594643611961213,0.27164516306962155,0.43859229565815205,
diag,rho,absolute,0.6498099935944404,0.574370802266577,0.7101985055286036,
onehot,mae,absolute,1.0572367626471866,0.9340454146006937,1.1911946735066405,
diag,mae,absolute,0.8283484526039635,0.740964466614638,0.966987002602784,
onehot,stab_rho,absolute,-0.07838023197878952,-0.25224691780766767,0.05507239720261306,
diag,stab_rho,absolute,-0.029720822768637193,-0.17766231764099105,0.0994423492735415,
onehot,stab_bias,absolute,1.767221849417124,1.4606050511693573,2.255436810636595,
diag,stab_bias,absolute,1.5111951547684372,1.171503269727328,2.056747294342222,
onehot,auc_stab,absolute,0.6142140150325832,0.5380947079342324,0.6676158851597811,
diag,auc_stab,absolute,0.7268979162098347,0.6508593535811921,0.7763863783550214,
onehot,detpr30,absolute,0.3184166666666667,0.13333333333333333,0.5,
diag,detpr30,absolute,0.5533333333333332,0.2991666666666667,0.7666666666666667,
onehot,ndcg30,absolute,0.09568613211522724,0.030200212134285906,0.21618067465655888,
diag,ndcg30,absolute,0.20505862917454876,0.10861757643379578,0.3585166196615142,
